"station","latitude","longitude"
"14002809102",46.5235421415,-81.1962352332
"06008000702",43.6783316388,-79.6795082318
"19006400502",48.7755123936,-80.6770769827
"19006400602",48.7618482685,-80.6701893577
"19006402202",49.2975516441,-81.0669628581
"19006402302",49.0588362688,-80.8629796079
"19006403002",49.1873876439,-80.956791108
"19006403102",48.7617000186,-80.6676559827
"19006403202",48.7572170186,-80.6727889827
"19006403602",50.6440808953,-81.4083363584
"19005300102",51.6511920212,-86.392930988
"19005300302",51.347850021,-83.3893779852
"19001800202",53.7999658982,-87.8216488644
"19004300102",53.0900263164,-85.0648831868
"19000103202",51.0297643957,-93.7366813699
"19000800702",53.8250583983,-89.8639274913
"19006400702",48.5393742683,-80.4640188575
"19005300502",51.1539532708,-91.6191211179
"19006404102",49.0805575189,-81.0259354831
"19006404202",49.0782067688,-81.029828858
"19006404302",49.0749286438,-81.025983608
"19006404402",49.0756555188,-81.024832233
"19006404702",48.5377878933,-80.6870351077
"19004300202",51.8238197714,-89.601938116
"19000800202",53.7614106482,-89.562456491
"19006401802",49.6121163943,-83.2562404851
"19006401702",49.3995033941,-82.4084902343
"19006401602",49.3133202691,-82.041721109
"19000103301",51.0226577707,-93.817855245
"19006401902",48.2474621431,-82.4480574844
"19006400902",49.4063453942,-82.4334518594
"19006401002",49.4471325192,-82.4465109844
"19006402402",49.5727138943,-82.3200436093
"19006402902",49.5572700193,-82.3579383593
"19006403402",49.4103778942,-82.4296133594
"19006403502",49.6262261444,-82.2516444842
"19006404002",49.3640392691,-82.4811756094
"19005300602",50.4092670201,-84.3794779862
"19006403802",51.1523513958,-80.8311681079
"19005300202",50.6609647703,-86.5149691132
"19006400102",48.4938735183,-81.3603956084
"19006400202",48.4760580183,-81.3502914834
"19006401102",49.275960269,-81.6390687336
"19006401202",49.292709019,-81.6385716086
"19006401420",48.4747937683,-81.3532018584
"19006403302",49.4490371442,-81.6535931086
"19006403902",49.3628052691,-81.6275699836
"19006402702",49.6445761444,-83.5411318604
"19006400802",49.6850465194,-83.6331781105
"19006402502",49.6817120194,-83.7236502356
"19006402602",49.5932965193,-83.7452782356
"19006401302",49.6149923943,-83.2686397351
"19006402002",47.8506615177,-83.3697098602
"19006402102",47.8400383927,-83.3956321103
"19006404602",48.5377167683,-80.7420253578
"19006403702",51.1060926457,-80.7649903578
"19005300402",50.9317788956,-88.8499851153
"19004300302",52.2028132718,-88.6904888652
"19001800302",52.5706286471,-90.1812188666
"19006400302",48.4950445183,-81.1750368582
"19006400402",48.5498382684,-81.0548048581
"19006404502",48.4824245183,-81.2222679832
"19000103401",48.6526443934,-93.3034936195
"19000103902",48.6132786434,-93.3635832445
"19000800302",52.7331227722,-92.5974809938
"19000800602",53.1045580226,-84.257380986
"19000800802",53.0308565225,-93.2447937444
"19000800102",53.2999745228,-91.8157158681
"19000800402",52.7178157722,-94.1527749953
"19001800102",54.654225024,-87.2916669889
"19000103702",51.0130243956,-93.88552287
"19000103502",49.8510047696,-93.0903653693
"19000103602",49.9586122697,-93.4012427446
"19000103802",49.8151196445,-92.8739837441
"19000800502",53.2939310228,-91.8207877431
"01000000101",48.4488292683,-89.1788902406
"01000000201",48.3934940182,-89.1999993657
"01000000301",48.3498503932,-89.2047077407
"01000000401",48.4482626433,-89.1663782406
"01000000501",48.4695002683,-89.1596874906
"01000000601",48.4644887683,-89.1653191156
"01000000701",48.3964600182,-89.0858498656
"01000000801",48.3256000181,-89.0235898655
"01000001001",48.3729900182,-89.1632098656
"01000001101",48.4215500182,-89.1645998656
"01000001201",48.3408388932,-89.1950728657
"01000001301",48.9574588937,-88.2470196148
"01000001401",48.9421366437,-88.2380052398
"01000001501",48.9263821437,-88.1801497397
"01000001601",48.8101485186,-86.9613268636
"01000001701",48.8125056436,-87.0026743636
"01000001801",48.8084091436,-86.9999882386
"01000001901",48.7238907685,-86.4333161131
"01000002001",48.7117330185,-86.397140738
"01000100102",47.0180435169,-84.7680721115
"01000900102",47.2382365171,-84.6452389864
"01001200102",47.3578908922,-84.6368114864
"01001400102",47.4321412673,-84.7312588615
"01002700102",47.7906118926,-84.8941729867
"01002900102",47.9225730178,-84.8047517366
"01002900202",47.9812443928,-84.7956571116
"01002900302",47.9378417678,-84.8107567366
"01002900402",47.9910852678,-84.7646077365
"01002900502",47.9392968928,-84.8296579866
"01002900602",47.9882201428,-84.7914059866
"01002900702",48.3492838932,-84.6203789864
"01002900802",48.0147045178,-84.8070699866
"01002900902",48.3587233932,-84.5377899863
"01005700102",48.6979231435,-85.5368506123
"01005700202",48.6538680184,-85.8929272376
"01006000102",48.7072868935,-86.2836309879
"01006000202",48.6879055185,-86.2126236129
"01006000302",48.8775727687,-85.8796529876
"01006000402",49.1322867689,-85.7464634874
"01006000502",49.1330271439,-85.7957644875
"01006000602",49.1400912689,-85.7419322374
"01006000702",49.1167392689,-85.9061271126
"01010800102",48.3586346432,-89.2876074907
"01010800202",48.3454387682,-89.3056488658
"01010800302",48.3524146432,-89.3018391157
"01010800402",48.3923191432,-89.2190566157
"01010800502",48.3710590182,-89.2486673657
"01010900102",48.3770843932,-89.2399692407
"01010900202",48.3773487682,-89.2122428657
"01011000102",48.3591600182,-89.2280998657
"01011500102",48.0844617679,-89.4460859909
"01011600102",48.0677335179,-89.535204991
"01011700102",48.0104502678,-89.7083347411
"02000600102",46.4251251414,-84.0886458609
"02000700102",46.5088640164,-84.0452683609
"03001500102",44.5745966396,-80.951306233
"03001500202",44.5742993897,-80.960086483
"03001500302",44.5754917647,-80.947767608
"03001600102",44.5675767646,-80.944235858
"03001600202",44.5636786396,-80.944201858
"03001600302",44.5221781396,-80.930890108
"03001600402",44.4683145146,-80.9053944829
"03001700102",44.6254553897,-80.8767886079
"03001700202",44.6238518897,-80.8757709829
"03001800102",44.6246398897,-80.8304764829
"03002000102",44.6814580147,-80.7845068578
"03002700102",44.6237708897,-80.6112286077
"03003000102",44.6073087647,-80.5890957326
"03003000202",44.5698777647,-80.6485039827
"03003600102",44.5641185146,-80.4489652325
"03003600202",44.5628191396,-80.4507769825
"03003600302",44.3935351395,-80.5384738576
"03003600402",44.3917686395,-80.5380106076
"03003600502",44.2795871394,-80.5458583576
"03003600602",44.3379896394,-80.3777033574
"03003600702",44.3539097644,-80.3684002324
"03003600802",44.3359460144,-80.3630236074
"03003600902",44.3460425144,-80.5401514826
"03004000102",44.5357851396,-80.3884263575
"03004100102",44.5361136396,-80.3825448575
"03004700102",44.5196486396,-80.2770584824
"03004700202",44.4989258896,-80.2778617324
"03004900102",44.5061868896,-80.2358037323
"03004900202",44.4900392646,-80.2423572323
"03004900302",44.4908776396,-80.2383408573
"03005300102",44.5030862646,-80.1977246073
"03005300202",44.4626415146,-80.2090504823
"03005400102",44.4883188896,-80.1670908573
"03005400202",44.4051313895,-80.1593529822
"03005700102",44.1608036393,-79.8443778569
"03005700202",44.1534141393,-79.879186982
"03005700302",44.1527217643,-79.896839982
"03005700402",44.3023471394,-79.898166232
"03005700502",44.3004543894,-79.900788232
"03005700602",44.5234911396,-80.0175871071
"03005700683",44.5234915146,-80.0175881071
"03005700702",44.1630606393,-79.8294863569
"03005700902",44.4214655145,-80.0966864822
"03005701002",44.3185476394,-79.886474482
"03005701102",44.0850923892,-80.1889798573
"03005701202",44.1073437642,-80.1768444823
"03005701302",44.0951831392,-79.7851132319
"03005701402",44.1078351392,-79.7713599819
"03005701502",44.1528262643,-79.914133482
"03005701602",44.0802722642,-80.1947861073
"03005701702",44.0444143892,-79.940188357
"03005701802",44.0920087642,-79.951946732
"03005701902",44.1642642643,-80.0022527321
"03005702002",44.1971893893,-80.0108541071
"03005702102",44.3052021394,-80.0016798571
"03005702202",44.3246082644,-80.1352788572
"03005702302",44.4519696395,-79.898427107
"03005702402",44.0410885141,-79.8112269819
"03005702502",44.4754745146,-80.0071281071
"03007000102",44.7359788898,-79.845397982
"03007000202",44.6170321397,-79.895305607
"03007300102",44.7395115148,-79.7853116069
"03007500102",44.7320257648,-79.7329273568
"03007600102",44.7095298898,-79.6444257318
"03007600202",44.7522148898,-79.6259371067
"03007700102",44.1264996392,-79.5042524816
"03007700202",44.1132361392,-79.5458397317
"03007700302",44.0797576392,-79.4548964816
"03007700402",44.0268668891,-79.6049228567
"03007700502",44.0389905142,-79.5836273567
"03007700602",44.0400585141,-79.4593626066
"03007700702",44.0222002641,-79.4728547316
"03007700802",44.3223080144,-79.3461411065
"03007700902",44.1154621392,-79.1208882313
"03007701002",44.4322000145,-79.1643999813
"03007701102",44.3520826394,-79.0551357312
"03007701202",44.5338688896,-79.0749987312
"03007701302",44.8037513899,-79.7202274818
"03007701402",44.1213842642,-79.1226103563
"03007701502",44.0730321392,-79.5637708567
"03007701602",44.0277383891,-79.6202109817
"03007701702",44.0482232642,-79.6189752317
"03007701802",44.2279202643,-79.4648393566
"03007701902",44.2608638894,-79.3441423565
"03007702002",44.2077952643,-79.3215206065
"03007702102",44.1666303893,-79.3274808565
"03007702202",44.6038141397,-79.3695226065
"03007702302",44.7764873898,-79.3349294815
"03007702402",44.0393610142,-79.3776078565
"03007702502",44.4311371395,-79.1599577313
"03007702602",44.7465611398,-79.3244187315
"03007702702",44.3304100144,-79.2177399814
"03007702802",44.3722523895,-79.6512952318
"03007702902",44.0138573891,-79.6791019818
"03007703002",44.1817693893,-79.5169389816
"03007703102",44.7140545148,-79.2814721064
"03007703202",44.0952567642,-79.0978928562
"03007703302",44.1870295143,-79.4367091066
"03007703402",44.2238736393,-79.4213371065
"03008500102",45.0220938901,-79.7773358569
"03008500202",45.1200547652,-79.5772851067
"03008500302",45.0124861401,-79.6145179817
"03008500402",45.00237889,-79.3020986064
"03008500502",45.0882978901,-79.2999681064
"03008500602",45.2130943902,-79.2750834814
"03008500702",45.3035842653,-79.2040479814
"03008500802",45.3276333904,-79.2149186064
"03008500902",45.1502413902,-79.1116486063
"03008501002",45.1201637652,-79.5763221067
"03008501102",45.1110452651,-79.5762402317
"03008501202",45.0335211401,-79.3137713565
"03008501302",45.0392200151,-79.3078893565
"03008501401",45.2460770153,-78.8920583561
"03008501502",45.0420723901,-79.3090957315
"03008501601",45.0333017651,-79.6129513567
"03008501701",45.0471860151,-79.4025513565
"03008501802",45.0516550151,-79.6305267317
"03008501901",44.927196765,-79.3978432315
"03008502001",44.969046015,-79.4129814815
"03008502102",44.949914265,-79.4366907316
"03008502202",44.932531015,-79.3566269815
"03008502301",45.1483017652,-79.5999762317
"03008502401",45.2215498903,-79.5636476067
"03008502502",45.1791677652,-79.5236634817
"03008502602",45.2199456403,-79.5315081066
"03008502702",45.2264096403,-79.5587288567
"03008502802",45.2389895153,-79.5838029817
"03008502902",45.2723585153,-79.6740219818
"03008503001",45.1785100152,-79.7482899819
"03008503101",45.3281197654,-79.2740818564
"03008503202",45.3794593904,-79.2224254814
"03008503301",45.1986535152,-79.6836652318
"03008503402",45.3462895154,-79.2513681064
"03008503502",45.0273916401,-79.3286803565
"03008503602",45.3381633904,-79.1965423563
"03009200102",45.0634838901,-79.7865688569
"03009600102",45.3162175153,-79.9834142321
"03009600202",45.3029582653,-79.9529994821
"03009600301",45.2926557653,-79.947990857
"03009700102",45.3306385154,-80.0289856071
"03009800102",45.3435877654,-80.0312999821
"03009800202",45.3967797654,-80.0175619821
"03009800302",45.3991631404,-79.947453982
"03009800402",45.3992113904,-79.954944732
"03009800502",45.4003848904,-80.0004273571
"03011500102",45.5497287656,-80.2844224823
"03012000102",45.6723863907,-80.4823971075
"03012400102",45.6205231406,-79.4110858565
"03012400202",45.6233933906,-79.3969908565
"03012400302",45.7745820158,-80.4973219826
"03012400402",45.7106585157,-79.4265996066
"03012400502",45.6074672656,-79.4517654816
"03012400602",45.6392422656,-79.1649607313
"03012800102",45.8930365159,-80.5658527326
"03013000102",45.996965766,-80.5664673576
"03013300102",46.018407016,-80.5831302326
"03013300202",46.3500663913,-80.0602163571
"03013300302",46.3245406413,-79.9722632321
"03013300402",46.3699500163,-79.934974732
"03013300802",46.046152016,-80.5795382326
"03013300901",46.2204235162,-79.3712278565
"03013301001",46.2989591413,-79.4660967316
"03013301101",46.3103700163,-79.4714299816
"03013301202",46.3341137663,-79.5110399816
"03013301302",46.3285162663,-79.5032806066
"03013301402",46.2719447662,-79.3827279815
"03013301502",46.2580813912,-79.4031814815
"03013301601",47.061810392,-79.7925122319
"03013301702",46.4627740164,-79.900619232
"14001907502",46.3828832663,-82.6262849845
"14002800102",46.2645951412,-81.8739303588
"14002800202",46.3013762663,-81.6746247337
"14002800302",46.4273332664,-81.0977746081
"14002800402",46.4594100164,-81.0380299831
"14002800502",46.4681227664,-81.0372078581
"01006000802",49.1438208939,-85.7946493625
"01006000902",48.6917630185,-85.9571878626
"01006001002",48.6964896435,-85.8802779876
"01006001102",48.7162375185,-85.7949888625
"01006001202",48.7075032685,-85.9104371126
"01006700102",48.8012833936,-86.6311564883
"01006800102",48.8177837686,-86.6867052383
"01007000102",48.8037088936,-86.7763423634
"01007300102",48.7765761436,-86.8843303635
"01007400102",48.8321191436,-87.0725146137
"01007400202",48.8484815186,-87.0350403636
"01007500102",48.7857848936,-87.1149113637
"01007500202",48.7854875186,-87.1584877388
"01007800102",48.9781515188,-87.3691004889
"01007800202",48.9753760187,-87.380563614
"01007800302",48.8356331436,-87.411078239
"01008000102",48.8822352687,-87.5591913641
"01008100102",48.9202651437,-87.7686926143
"01008600102",48.9761577687,-87.9979456145
"01008800102",49.0081641438,-88.0772811146
"01009000102",49.1507061439,-88.3486641149
"01009000202",49.0195877688,-88.2504804898
"01009200102",48.9040810187,-88.3781717399
"01009400102",48.8211573936,-88.53279599
"01009500102",48.8040075186,-88.53941749
"01010000102",48.6493091434,-88.6389596151
"01010300102",48.5344042683,-88.9419944904
"01010400102",48.4546142683,-89.1868766156
"01010400202",48.4824795183,-89.1880189906
"01010500102",48.4396545183,-89.2141097407
"01010600102",48.4091233932,-89.2305922407
"01010600202",48.3996581432,-89.2454374907
"01010700102",48.3993605182,-89.2238367407
"01010700202",48.3812275182,-89.3578838658
"01010700302",48.3993507682,-89.2233928657
"04001302002",42.3939157626,-82.2101002342
"04001302102",42.9627162631,-81.2985659833
"04001302202",42.9623853881,-81.2981323583
"04001302402",42.9625621381,-81.2983641083
"04001302502",43.3660582635,-81.018669733
"04001302602",42.2759941375,-82.4474689844
"04001302702",43.0419238882,-81.1947074832
"04001302802",42.9637130131,-81.3903213584
"04001302902",42.9141455131,-81.3136603583
"04001303002",42.7370103879,-81.6836289837
"04001303102",42.3523306376,-82.081007609
"04001303202",42.6734026379,-81.6961228587
"04001303302",42.1926391374,-82.5168057344
"04001303402",43.1301262633,-80.962840733
"04001303602",43.0706720132,-81.3629254834
"04001303702",42.9113951381,-81.2072719832
"04001303802",43.1448187633,-80.7669653578
"04001303902",43.0453707632,-80.8768132329
"04001304002",43.1624508883,-80.9049039829
"04001304102",43.0314193882,-80.998487483
"04001304202",43.0186412632,-80.9269092329
"04001304302",43.2083650134,-81.2075087332
"04001304402",43.4505855136,-81.2072504832
"04001304502",43.2391433884,-81.1701626082
"04001304602",42.2635617625,-82.4495189844
"04001304702",42.9347495131,-81.4215129834
"04001304802",42.3881738876,-82.2306768592
"04001304902",42.4442321377,-81.9840983589
"08010700102",44.1767577643,-81.6380114836
"08010700202",44.1733936393,-81.6379863586
"08010700302",44.1674357643,-81.6335463586
"08010700402",44.1727117643,-81.6310444836
"08011300102",44.2979321394,-81.5786113586
"08012300102",44.4995837646,-81.3656746084
"08012300183",44.4995830146,-81.3656761084
"08012300202",44.1346801392,-81.1538559832
"08012300302",44.1513645143,-81.0391729831
"08012300402",43.9994503891,-81.3051254833
"08012300502",44.1803855143,-80.8374111079
"08012300602",44.3042505144,-80.6648649827
"08012300702",44.3184433894,-81.2796669833
"08012300802",44.2680851394,-81.2690903583
"08012300902",44.2960451394,-81.1211614831
"08012301002",44.0606205142,-81.1272391081
"08012301102",44.1371788892,-81.000896233
"08012302602",44.1609568893,-80.929463858
"08012302702",44.1690858893,-80.933234608
"08012302802",44.0864792642,-80.5115814826
"08012302902",44.1925137643,-80.8565414829
"08012303082",44.4561042645,-81.3260637333
"08012303102",44.3183555144,-81.2459092333
"08012303202",44.1205787642,-81.1149523581
"08012303302",44.1775275143,-80.8188374829
"08012303402",44.1698733893,-80.8218077329
"08012303502",44.3468025144,-81.4264909834
"08012303602",44.0797063892,-80.988616108
"08012303702",44.2834830144,-80.7441051078
"08012303802",44.2051831393,-81.1948143582
"08012303902",44.3004970144,-81.2812753583
"08012304102",44.4561097645,-81.3260873583
"08012304202",44.2446853893,-81.1707829832
"08012304302",44.3660367645,-81.3140886083
"08012304402",44.1525738893,-81.2863671083
"08012304502",44.2293150143,-81.1460043582
"08012304602",44.1338396392,-81.0288182331
"08012304702",44.0864792642,-80.5115814826
"08012304802",44.0354262641,-80.5814057326
"08012304902",43.9559268891,-80.7709043578
"08013500102",44.6614785147,-81.2792577333
"08013500202",44.4791267646,-81.1657946082
"08013500302",44.6771805147,-81.2554613583
"08013500402",44.8341751399,-81.2191863582
"08014300102",45.00266564,-81.3652762334
"08014300202",45.0367098901,-81.3358677333
"08014400102",45.0270926401,-81.4541544834
"08015800102",45.6515648907,-81.9864621089
"08015800202",45.6654371407,-81.9872328589
"09000100102",43.2628148884,-79.7728597319
"09000100202",43.2186116384,-79.8029738569
"09000100302",43.2409283884,-79.7734592319
"09000100402",43.2003445134,-79.8201334819
"09000800102",43.2675243884,-79.928372107
"09000800202",43.2722190134,-79.925752857
"09000800302",43.2765602634,-80.0062264821
"09000800402",43.3823925135,-80.1312611072
"09000900102",43.2925410135,-79.883872982
"09000900202",43.3310631385,-79.887807232
"09000900502",43.3366125135,-79.887534732
"09000901702",43.2835641384,-79.899335857
"09000701802",43.3081942635,-79.8297799819
"09000701902",43.3151071385,-79.8365901069
"09000702102",43.3191210135,-79.8162017319
"14002800602",46.5253062665,-81.2877479833
"14002800702",46.5668272665,-81.2135926082
"14002800802",46.5831323915,-81.1991693582
"14002800902",46.7048612666,-80.9270278579
"14002801002",46.7152865166,-80.950389858
"14002801102",46.8418416418,-81.017544108
"14002801202",46.6047900165,-81.3812699834
"14002801302",46.6437508916,-81.4002103584
"14002801402",46.6477745166,-81.3726971084
"14002801502",46.6449585166,-81.3500473583
"14002801602",46.5221411415,-80.935681608
"14002801702",46.5451795165,-80.9020236079
"14002801802",46.6353600166,-81.3922797334
"14002801902",46.2650803912,-81.9034669839
"18337010002",45.3514382654,-76.0550306034
"18337010102",45.3514372654,-76.0550306034
"18337012002",45.3401638904,-76.0145888534
"18337012102",45.4175090154,-76.1984511035
"18343003002",45.4232500154,-76.2524683536
"18343003402",45.3356155154,-76.2869888536
"18343003602",45.3261685153,-76.2890336036
"18343004002",45.2257190153,-76.1983097286
"18343005002",45.2268405153,-76.1936939785
"18343006002",45.1487757652,-76.1271498535
"18343006102",45.1814230152,-76.1253381035
"18343007002",45.1356781402,-76.1500947285
"18343010001",45.1112973901,-76.1769233535
"18343015002",45.0524532651,-76.2506134786
"18343017502",44.97242914,-76.5389784789
"18343018502",44.94053289,-76.687416479
"18343019502",44.938431265,-76.7725268541
"18343021002",44.892250265,-76.9589616043
"18343023002",44.8502011399,-77.1692332295
"18343023402",44.961415765,-77.2413513545
"03013301802",46.3492471413,-79.956170857
"03013301902",46.3004437663,-79.4614233566
"03013302002",46.0824512661,-79.3567128565
"03013302102",46.4110051414,-79.4662106066
"03013302202",46.0842622661,-79.3694241065
"03013302302",45.8486661408,-79.3797142315
"03013302402",46.2433166412,-79.4217854816
"03013302502",46.3446602663,-79.4504414816
"03013302602",46.2765090162,-79.4455611066
"03013302702",47.0420288919,-79.892353482
"03013302802",46.3655995163,-79.933872732
"03013302901",47.061010892,-79.7937622319
"03013303002",46.1965948912,-79.3663738565
"03013303102",46.1668366411,-79.2814097314
"03013303202",46.1490230161,-79.2733751064
"03013303302",46.3113100163,-79.4739999816
"03013303402",47.050134517,-79.886499857
"03013303502",47.059790267,-79.875747107
"03013303602",46.2632223912,-79.3951986065
"03013303702",46.2703132662,-79.3223743565
"03013303802",46.2709955162,-79.2522482314
"03013400102",46.3950805163,-80.8004267328
"03013400202",46.4871921414,-80.7827434828
"03013400302",46.5298966415,-80.7436751078
"03013400402",46.6651630166,-80.6713697327
"03013400502",46.4939720164,-80.8419734829
"03013400602",46.4750277664,-80.8213832328
"03013400701",46.6570738916,-80.7644429828
"03013400802",46.5216582665,-80.7088977328
"03013400901",46.6545836416,-80.7698923578
"03013401001",46.6688608916,-80.7651518578
"03013401102",46.6527748916,-80.7638203578
"03013401202",46.4854587664,-80.8319298579
"03013401302",46.4840418914,-80.8392144829
"03013401402",46.4845190164,-80.8498764829
"03013401582",46.1591295161,-80.923235483
"03013401602",46.5628128915,-80.8024323578
"03013401702",46.4650042664,-80.8571924829
"04000100102",42.3389863876,-82.9304338598
"04000100202",42.3389865126,-82.9304371098
"04000200102",42.3327193876,-82.8959701098
"04000300102",42.3263858876,-82.8684212348
"04000300202",42.3122655125,-82.8693131098
"04000400102",42.3135265125,-82.8429899847
"04000500102",42.2995675125,-82.7810096097
"04000500202",42.2288806375,-82.7901741097
"04000500302",42.2774273875,-82.7888334847
"04000700102",42.2958111375,-82.7112327346
"04000700202",42.2304453875,-82.7181918596
"04001000102",42.2939188875,-82.6240459845
"04001000202",42.2323468875,-82.6165317345
"04001000302",42.2435561375,-82.6143828595
"04001300102",42.3187907626,-82.4528158594
"04001300302",42.3185106375,-82.4530798594
"04001300402",42.3182266375,-82.4534262344
"04001300502",42.2904768875,-82.4533246094
"04001300602",42.3040445125,-82.4357761094
"04001300702",42.3558287626,-82.3205189843
"04001300782",42.3558282626,-82.3205183593
"04001300802",42.3550242626,-82.3196103593
"04001300902",42.3940858876,-82.2104077341
"04001300983",42.3940853876,-82.2104069841
"04001301002",42.3936672626,-82.2096606092
"04001301102",42.7250893879,-81.6673664836
"04001301202",42.9083372631,-81.3052796083
"04001301302",42.9630730132,-81.3318576083
"04001301402",43.0417166382,-81.1822918582
"04001301502",43.2555496384,-81.1453006082
"04001301602",43.1263376383,-80.7792818578
"04001301702",43.1274187633,-80.7708418578
"04001301802",43.2028757634,-80.6903718577
"04001301902",42.3939158876,-82.2101003592
"04001305002",43.0962441383,-81.1685366082
"04001305102",42.9686722631,-81.1501726082
"04001305202",42.9757448882,-81.0550896081
"04001305302",42.9729031382,-81.1875374832
"04001305405",43.3667675135,-81.014930983
"04001305502",43.3058218885,-80.8490944829
"04001305602",43.2402481384,-81.1911822332
"04001305702",42.540249494,-81.9632184673
"04001305802",42.5139162627,-82.071671609
"04001305902",42.9719235132,-81.0540407331
"04001306002",42.9763706382,-81.0528426081
"04001306102",42.806538388,-81.3627099834
"04001306202",42.9437055131,-81.4567848585
"04001306302",42.9379610131,-81.4409094834
"04001306402",43.2664398884,-81.0841118581
"04001306502",42.8851686381,-81.4013766084
"04001306602",43.2523576384,-80.985158858
"04001306702",43.2871250135,-81.1686041082
"04001306802",42.9733372632,-80.952126983
"04001306902",43.0433742632,-80.8190939829
"04001307002",42.9701651382,-80.8016869828
"06014200202",44.0255715141,-77.9911407302
"06014600102",43.9871592641,-77.9007392301
"06014800102",44.0041530141,-77.8375061051
"06015100102",44.0280332641,-77.72429573
"06015200102",44.0409797642,-77.6709342299
"06015700302",44.0307790141,-77.2851293546
"06016300102",43.9732995141,-77.2464741045
"06017200102",43.9356910141,-77.0904154794
"06018000102",44.1938736393,-76.740350729
"06018000202",44.4068213895,-76.6012858539
"06018000302",44.2140602643,-76.7801544791
"06018000402",44.2614836394,-76.727011604
"06018000502",44.2851662644,-76.716733604
"06018300102",44.2387436393,-76.6155661039
"06018300202",44.2564260143,-76.6126967289
"07000000101",46.8175207667,-84.4077352362
"07000900102",46.7187466417,-84.4222782362
"07000900202",46.7756976417,-84.0500804859
"07000900302",46.7234028916,-84.3820716112
"07002000102",46.7849588917,-84.3549911111
"07002000202",46.8077586417,-84.3994063612
"07002800102",46.9281738918,-84.4263012362
"07003100102",46.9329388919,-84.5284867363
"07003200102",46.9609351419,-84.6564153614
"08001000102",43.1012982633,-82.033257109
"08001000202",43.1103287633,-82.074689484
"08002100102",43.2216498884,-81.8642372338
"08002100202",43.1933125134,-81.8138568588
"08002200102",43.3130700135,-81.7639099837
"08002200202",43.1758486383,-81.8554131088
"08002200302",43.1693101383,-81.6923247337
"08002200402",43.1696156383,-81.6805849836
"08002200502",43.2821983884,-81.5188183585
"08002200602",43.3600150135,-81.4990052335
"08002200702",43.4277388886,-81.5228299835
"08002200802",43.4447717636,-81.3363366083
"08002200902",43.1873413884,-81.7023649837
"08002201002",43.1809060133,-81.4476601084
"08002201102",43.2637708884,-81.5278811085
"08002201202",43.1850131384,-81.7290158587
"08002201302",43.3118382635,-81.7570402337
"08002201402",43.2946836385,-81.4138207334
"08002201502",43.0668957633,-81.6805429836
"08002201602",43.3621168885,-81.5094472335
"08002201702",43.3586823885,-81.4574054835
"08004000102",43.5689300137,-81.6986247337
"08004000202",43.5377833887,-81.4066222334
"08004000302",43.5365630137,-81.3989078584
"08004000402",43.5059516387,-81.2840824833
"08004000502",43.5029403887,-81.2892697333
"08004000602",43.5888383887,-81.5576852335
"08004000783",43.5689361387,-81.6986336087
"08004000802",43.5507177637,-81.5893717336
"08004000902",43.5449697637,-81.4303113584
"08004001002",43.5656480137,-81.5810073586
"08004001102",43.5497737637,-81.3850256084
"08005600102",43.7522427639,-81.7004967337
"08005600202",43.7488695139,-81.4459168584
"08005600302",43.895497639,-81.3534972333
"08005600402",43.868600014,-81.1599199832
"08005600502",43.8147031389,-80.8872891079
"16008701102",42.7056555129,-81.1484842332
"16008701202",42.7364891379,-81.2142023582
"16008701302",42.785502763,-81.2173883582
"16008701402",42.8645565131,-81.2195527332
"16008701502",42.813674388,-81.1726057332
"16008701602",42.777903388,-81.2138477332
"16009700102",42.6615946379,-81.015388233
"16009700202",42.773973138,-81.008835983
"16009700302",42.7024565129,-81.0458352331
"16009700402",42.790654388,-81.0770119831
"16009700502",42.775550513,-81.0429243581
"16009700602",42.792584513,-80.931615233
"16009700702",42.844791388,-80.8351248579
"16010900102",42.6489587629,-80.8070294828
"16010900202",42.6867181379,-80.7928087328
"17002601802",44.4831505146,-77.4756254797
"17002601902",44.5627683896,-77.6030382299
"17002602002",44.5016500146,-77.6094224799
"17002602102",44.2424108893,-77.4328942297
"17002602202",44.2248260143,-77.5308856048
"17003100102",44.1962353893,-77.2293982295
"17003100202",44.2074713893,-77.2095931045
"17003500102",44.2167400143,-76.9740999793
"17003500202",44.2777020144,-76.9281749792
"17003500302",44.3362671394,-76.8341416041
"17003500402",44.3234500144,-76.8752776042
"17003700102",44.2078457643,-76.8961279792
"17003700202",44.4030876395,-76.677471729
"17003700302",44.2392455143,-76.8491376042
"17003700402",44.2641587644,-76.8097608541
"18000010002",45.4735132655,-75.625591978
"18000010102",45.4748663905,-75.625664353
"18000010202",45.4746200155,-75.625609978
"18000010302",45.4740583905,-75.625655353
"18000010402",45.4603010155,-75.6802148531
"18000010502",45.4597046405,-75.6801823531
"18000012083",45.4295061405,-75.7027146031
"18000012202",45.4307713904,-75.7069556031
"18000012302",45.4305801404,-75.7061639781
"18000012402",45.4302120155,-75.7048824781
"18000012502",45.4298445155,-75.7035082281
"18000012602",45.4294100155,-75.7024116031
"18000013002",45.4211277654,-75.7182829781
"18000013102",45.4236766404,-75.7198912281
"18000013202",45.4238900154,-75.7199499781
"18000013302",45.4143560154,-75.7313497281
"18000014002",45.4106223904,-75.7611018531
"18000014102",45.4094856404,-75.7590857281
"04001307102",42.9203337631,-80.9007727329
"04001307202",43.0693610133,-80.7343832328
"04001307302",42.7179386379,-81.6698837336
"04001307502",42.6990687629,-81.6638544836
"04001307602",43.3881955136,-80.8733057329
"04001308002",43.2154336384,-80.6916152327
"04002700102",42.5919750128,-82.3878061093
"04002700183",42.5917903878,-82.3876318593
"04002700202",42.5915726378,-82.3874266093
"04002700302",42.8696661381,-82.1468109841
"04002700402",42.8641976381,-82.1692339841
"04002700502",42.5904631378,-82.2667621092
"04002700602",42.5891277628,-82.1291033591
"04002700702",42.9312691381,-81.6679109836
"04002700802",42.764077388,-82.3415817343
"04002700902",42.786949013,-82.1719408591
"04002701002",42.8975650131,-82.1234387341
"04002701102",42.9312302631,-81.8677818588
"04002701202",42.830877638,-81.8514098588
"04002701302",42.9684518881,-81.5814414836
"04002701402",42.9058920131,-82.1188041091
"05000300102",42.9426670131,-78.9273118561
"05000400102",42.9553125131,-78.9753312311
"05000500102",42.9726886382,-79.0081683562
"05000600102",42.9808727632,-79.0235431062
"05000600202",42.9633506381,-79.0219643562
"05000900102",43.0510507632,-79.0226483562
"06000100102",43.2607918884,-79.0926122312
"06000200102",43.2538006384,-79.0956744813
"06000300102",43.2532388884,-79.1259348563
"06000300202",43.2105147634,-79.1194179813
"06000300302",43.1807248883,-79.1097291063
"06000300402",43.1658510133,-79.1018352313
"06000300502",43.2332091384,-79.1353276063
"06000500102",43.2337076384,-79.1633447313
"06001000102",43.2249925134,-79.1828891063
"06001400102",43.2167070134,-79.2123582314
"06001400202",42.8863746381,-79.2486483564
"06001700102",43.2013903884,-79.2658024814
"06001700202",43.1601190133,-79.2603187314
"06001700302",43.1550690133,-79.2419607314
"06001700402",43.1334521383,-79.2509486064
"06001700501",43.0998715133,-79.2279287314
"06001700602",43.1044431383,-79.1626201063
"06001700702",43.1149976383,-79.2748336064
"06001700802",43.1096321383,-79.2646739814
"06001700902",43.1478995133,-79.2225749814
"06001900102",43.1538638883,-79.3147474814
"06002000102",43.1536403883,-79.3345658565
"06002400102",43.1520175133,-79.3744854815
"06002400202",43.0914147633,-79.5367123567
"06002400302",43.0792278883,-79.5411012317
"06002400402",43.0787668883,-79.5126146066
"06002400502",43.1341773883,-79.7452767318
"06002400602",43.0794901383,-79.5252204816
"06002600102",43.1865637634,-79.4005667315
"06003300102",43.1892267634,-79.4973771066
"06003800102",43.2000485134,-79.5569769817
"06005000102",43.2425597634,-79.7431849819
"06005200101",43.2991163885,-79.7953526069
"06005400102",43.3271595135,-79.7904283569
"06006000102",43.3920331385,-79.7141239818
"06006000202",43.4250153886,-79.8319521069
"06006000302",43.4430513886,-80.0325337321
"06006000402",43.4688605136,-80.0730028572
"06006000502",43.3977855135,-79.9607166071
"06006000602",43.4539953886,-79.8379322319
"06006100102",43.4222345136,-79.7277109818
"06006100202",43.4242957636,-79.7573867319
"06006300102",43.4429347636,-79.6712502318
"06006300202",43.5048120137,-79.863309607
"06006300302",43.5512148887,-79.936375357
"06006300402",43.5606840137,-79.949100482
"06006300502",43.5652062637,-79.949535482
"06006300602",43.5760585137,-79.946112107
"06006300702",43.5896756387,-79.941113982
"06006300802",43.5078010137,-79.9580866071
"06006300902",43.5139015137,-79.931549482
"06006301002",43.5011522636,-79.952196357
"06006301102",43.4990811386,-79.7765904819
"06006800102",43.5159335137,-79.6154324817
"06007600102",43.5507672637,-79.5866569817
"06007600302",43.6472127638,-79.856278107
"06007600402",43.6463593888,-79.866222857
"06007600502",43.6275943888,-80.0220931071
"06007600602",43.909654389,-80.0632534822
"06007600802",43.6292328888,-80.0103981071
"06007600902",43.7720438889,-80.0733573572
"06007601002",43.7238135139,-79.930997732
"06007601202",43.6776553888,-79.9637276071
"06007601302",43.6686210138,-79.926962732
"06007601502",43.7837367639,-80.0348009821
"06007601602",43.6585853888,-79.7414553568
"06007601702",43.6221488888,-79.7332649818
"06007601802",43.856206139,-80.0482126071
"06007601902",43.927153639,-80.0841667322
"06007602102",43.917137764,-80.0870658572
"06007602202",43.6374742638,-79.886165607
"06007602302",43.888461639,-80.0633064821
"06007602402",43.901830889,-80.0525263571
"06007603802",43.7955501389,-80.0783403572
"06008000102",43.5889361387,-79.5463782317
"06008000202",43.6760300138,-79.6734381068
"06008000302",43.6378621388,-79.5857194817
"06008000402",43.7445620139,-79.8392921069
"06008200102",43.6219886388,-79.4819433566
"06008200202",43.6728648888,-79.5692949817
"06008200302",43.6284748888,-79.4928713566
"06008300102",43.6330456388,-79.4732963566
"06008300202",43.7368661389,-79.6283182317
"06008300302",43.7802098889,-79.5912134817
"06008300402",43.7980676389,-79.5810577317
"06008300502",43.886400889,-79.7173656068
"06008300602",43.864237764,-79.5581626067
"06008300702",43.871973764,-79.5554399817
"06008300802",43.7110603889,-79.5393741067
"06008300902",43.888100014,-79.7179559818
"06008301002",43.904724139,-79.6278891067
"06008301102",43.9247510141,-79.5545123567
"06008301202",43.6748445138,-79.5053226066
"06008301302",43.9703227641,-79.887754232
"06008301402",43.821615514,-79.7251713568
"06008301502",43.7276662639,-79.6003326067
"06008301602",43.7277100139,-79.6002059817
"06008301702",43.7894287639,-79.7098609818
"06008301802",43.9261441391,-79.8032074819
"06008301902",43.6514346388,-79.4913286066
"06008302002",43.8115755139,-79.6275077317
"06008302102",43.819307639,-79.5900562317
"06008302202",43.7296496389,-79.5539939817
"06008304302",43.924054014,-79.7509974819
"06008304402",43.908550639,-79.7114299818
"08012301202",44.1143843892,-81.010145608
"08012301302",44.1134687642,-81.019042358
"08012301402",44.2113207643,-80.8635476079
"08012301502",44.1800218893,-80.7991361078
"08012301602",43.9542367641,-80.7667837328
"08012301783",44.4995820146,-81.3656776084
"08012301802",43.9792901391,-81.2295822332
"08012301902",44.3634467645,-81.3615518584
"08012302002",44.3053053894,-81.0760001081
"08012302102",44.2960475144,-81.1211606081
"08012302202",44.2090023893,-80.6315353577
"08012302302",44.1895830143,-80.6050147327
"08012302402",44.1922185143,-80.6280126077
"08012302502",44.1895833893,-80.6050124826
"06008304502",43.905896014,-79.7077918568
"06008304602",43.7329535139,-79.5489247317
"06008304902",43.7808792639,-79.6040172317
"06008305002",43.7807503889,-79.6031581067
"06008306002",43.886399014,-79.7173709818
"06008310002",43.7624765139,-79.5796984817
"06008310102",43.6989905138,-79.5207661066
"06008500102",43.6507527638,-79.3472657315
"06008500202",43.7572901389,-79.4299916066
"06008500302",43.8031262639,-79.3968799815
"06008500402",43.8038648889,-79.4831311066
"06008500502",43.854326139,-79.4278968566
"06008500602",43.871311889,-79.4280614816
"06008500702",43.872104639,-79.4286653566
"06008500802",43.873054264,-79.4292272316
"06008500902",43.875365889,-79.4294837316
"06008501002",43.859162514,-79.4308874816
"06008501102",43.846587139,-79.4082257315
"06008501202",43.855651264,-79.4285247316
"06008501302",43.6803121388,-79.3655962315
"06008501402",43.6884716388,-79.3621357315
"06008501502",43.8086517639,-79.3717402315
"06009400102",43.7671255139,-79.1451514813
"06009400202",43.7798768889,-79.1679157313
"06009700102",43.7944935139,-79.1181687313
"06009700202",43.868759264,-79.2586542314
"06009700302",43.858456389,-79.2332533564
"06009700502",43.8065075139,-79.1338584813
"06009700602",43.848309389,-79.2000846063
"06009700702",43.859330389,-79.2044168563
"06009700802",43.885973639,-79.2028668563
"06009700902",43.919889639,-79.2705216064
"06009701002",43.830381639,-79.1804723563
"06009701102",43.8108585139,-79.1597809813
"06009701202",43.827511264,-79.1996514813
"06009701302",43.8136811389,-79.1567646063
"06009701402",43.842096514,-79.2277661064
"06009701502",43.868619889,-79.1953331063
"06009701602",43.908107639,-79.2163647314
"06009701702",43.910913889,-79.2429809814
"06009900102",43.834292889,-79.1478006063
"06010400102",43.839189889,-79.0398386062
"06010400202",43.908721139,-79.0685687312
"06010400302",43.832548764,-79.0363199812
"06010400502",43.852947889,-79.0619118562
"06010400602",43.891400764,-79.0590159812
"06010400702",43.928675389,-79.0738247312
"06010400802",43.9614470141,-79.1256539813
"06010400902",43.871317889,-79.1330409813
"06010401002",43.901738389,-79.1811153563
"06010401102",43.9672666391,-79.2426697314
"06010401202",43.9891166391,-79.2539793564
"06010401302",43.849815764,-79.0861099812
"06010401402",43.915762889,-79.1794568563
"06010401502",43.9356280141,-79.2009209813
"06010401602",43.9544057641,-79.2078327313
"06010401702",43.9586366391,-79.1890971063
"06010401802",43.9603031391,-79.1816803563
"06010401902",43.862641389,-79.1104593563
"06010402002",43.9764256391,-79.1959997313
"06010402102",43.9809937641,-79.1757868563
"06010402202",43.882364514,-79.0988672312
"06010402302",43.866872014,-79.0860136062
"06010402402",43.862850639,-79.0809896062
"06010402502",43.850919764,-79.0758198562
"06010402602",43.869662514,-79.0742947312
"06010402702",43.871484264,-79.0651828562
"06010402802",43.907755639,-79.0729178562
"06010402902",43.9505111391,-79.0852601062
"06010403002",43.9597680141,-79.1039683563
"06010403102",43.9649958891,-79.0812697312
"06010403202",43.9842868891,-79.0783606062
"06010403302",43.9725272641,-79.1565029813
"06010403402",43.9677488891,-79.1933686063
"06010403502",43.9738456391,-79.1936903563
"06010403602",43.9947130141,-79.2004343563
"06010403702",43.9371615141,-79.2034303563
"14001902201",46.5011600164,-82.6893199846
"14001902301",46.2019686412,-82.6970148596
"14001902401",46.5044600164,-82.6786699846
"14001902502",46.5101171415,-82.5424188595
"14001902609",46.5054728914,-82.5389894844
"14001902701",46.3892297663,-82.6636184846
"14001902802",46.4047531413,-82.6296239845
"14001902902",46.3770993913,-82.5896413595
"14001903001",46.4842007664,-82.6554424846
"14001903101",46.4682216414,-82.5694944845
"14001903201",46.4875371414,-82.5268796094
"14001903301",46.4731523914,-82.5274553594
"14001903401",46.4922043914,-82.5871271095
"14001903501",46.4059648914,-82.3512379843
"14001903601",46.4220903914,-82.5691759845
"14001903701",46.2342231412,-82.4411316094
"14001903801",46.1983873912,-82.6785359846
"18207015002",44.7797506398,-75.586355353
"18208001002",45.6054300156,-75.1263099775
"18224001002",45.5994500156,-75.2154099776
"18697500702",47.7315048926,-80.3299819824
"18737000102",47.4217143923,-79.6306331067
"18737000201",47.3950375173,-79.6842116068
"18737000301",47.4007242673,-79.6942523568
"18745000102",47.5209227674,-79.6881239818
"18771000101",48.0904216429,-79.7206511068
"18771000201",48.1022103929,-79.6284004817
"18771000301",48.0947676429,-79.7142573568
"18771000402",47.9946728928,-80.0180272321
"18771000502",48.1082233929,-80.1036086072
"18771000602",48.1040092679,-80.0557271071
"18771000702",47.8837123927,-79.7603744819
"18771000820",48.1083502679,-80.1036383572
"18771000902",48.0297541429,-80.0694542321
"18771001002",48.1189333929,-80.0891593572
"18771001102",47.8392817677,-79.888444732
"18771001202",47.8435957677,-79.867956357
"18771001302",47.6098457675,-79.5418568567
"18771001402",47.6098605175,-79.5387594817
"19000100102",49.7695650195,-94.4991034956
"19000100202",49.7848790195,-94.5128689956
"19000100302",48.6346905184,-93.9146076201
"19000100402",48.6054058934,-93.3881617446
"19000100502",49.7819155195,-92.842739244
"19000100602",49.7905340195,-92.8529418691
"19000100702",50.5833792702,-93.4552719946
"19000100802",50.8277783955,-93.4154512446
"19000100902",48.7212237685,-94.5923928707
"19000101002",48.7159750185,-94.5524506206
"19000101102",48.6248817684,-93.83178412
"19000101202",48.5439126433,-93.4852731197
"19000101302",48.5436607684,-93.4852566197
"19000101402",48.5433716433,-93.4852257446
"19000101502",51.0246040207,-93.7244498699
"19000101602",51.0530793957,-93.7342802449
"19000101702",51.0036511456,-93.85725137
"19000101801",51.0714631457,-93.82243612
"19000101902",48.5256395183,-92.1727131184
"19000102002",48.3718400182,-92.1628386184
"19000102102",48.3831533932,-91.8602433681
"19000102202",48.3543800182,-91.9046742432
"19000102302",48.175345018,-91.681839243
"19000102402",48.2383933931,-91.8895412432
"19000102502",48.130937768,-91.3659887427
"19000102602",48.3138386431,-91.3192683676
"19000102702",48.1026298929,-91.3150868676
"19000102802",48.2316795181,-91.0560332424
"06010403802",43.9436111391,-79.1749558563
"06010404002",43.924064514,-79.1727151063
"06010404102",43.920969264,-79.1710427313
"06010404202",43.920099639,-79.1888347313
"06010404302",43.887349889,-79.1620481063
"06010404402",43.890842639,-79.1677048563
"06010404502",43.881436389,-79.1530783563
"06010404602",43.883439514,-79.0849913562
"06010404702",43.917093889,-79.1132486063
"06010404802",43.918413139,-79.1079494813
"06010404902",43.911499514,-79.1389671063
"06010405002",43.916348764,-79.1055016063
"06010405102",43.914488264,-79.0830294812
"06010405202",43.925144264,-79.0806828562
"06010405702",43.901434889,-79.1001961062
"06010409802",43.875274764,-79.1374531063
"06010409902",43.849196139,-79.0450908562
"06010410802",43.9671345141,-79.2426342314
"06010700102",43.831684764,-78.9914176061
"06010800102",43.856671639,-78.9606778561
"06010800202",43.933606639,-78.9618889811
"06010800302",43.9542672641,-78.9582191061
"06010800402",43.9621736391,-78.9644458561
"06010900102",43.856340014,-78.9320246061
"06010900302",43.860227264,-78.9287766061
"06011100102",43.866555514,-78.830835856
"06011100202",43.871229389,-78.829566856
"06011200102",43.887198139,-78.824634981
"06011200202",43.879900014,-78.821099981
"06011200302",43.880733264,-78.821483231
"06011600102",43.894292014,-78.6750209809
"06011600202",43.895228139,-78.6723277309
"06011600302",43.912519264,-78.6662799809
"06011700102",43.907028014,-78.6038803558
"06011700202",43.9570965141,-78.6193419808
"06011700302",43.912895389,-78.6087062308
"06011800102",43.906060639,-78.5828808558
"06012900102",43.9478883891,-78.2923769805
"06012900202",44.0150437641,-78.4375038556
"06012900302",43.9695558891,-78.2940884805
"06013000102",43.9556615141,-78.2663934805
"06013300102",43.9586865141,-78.1817367304
"06013300202",43.9976343891,-78.1994114804
"06013300302",44.0073348891,-78.1985579804
"06013300402",43.9558677641,-78.1799431054
"06013900102",43.9871120141,-78.0734421053
"06013900202",43.9813845141,-78.0728531053
"06014100102",43.9723426391,-78.0239089802
"06014200102",43.9763646391,-78.0060988552
"08005600602",43.8147038889,-80.8872894829
"08005600702",43.903789139,-80.8930017329
"08005600802",43.852938139,-80.8494227329
"08005600902",43.7303683889,-81.0280709831
"08005601002",43.5730443887,-80.942574483
"08005601102",43.7449530139,-81.2492593583
"08005601302",43.7271230139,-80.972516983
"08005601402",43.7365978889,-80.936268483
"08005601502",43.6932043888,-81.4843033585
"08005601602",43.7569243889,-81.2569134833
"08005601702",43.8129382639,-81.3074262333
"08005601802",43.7242838889,-81.2457202332
"08005601902",43.7104383889,-81.0726166081
"08005602002",43.6929817638,-81.0921611081
"08005602102",43.7345515139,-80.995777358
"08005602202",43.8080546389,-80.8925166079
"08005602383",43.7522506389,-81.7004783587
"08005602402",43.6274750138,-81.0505391081
"08005602502",43.894576514,-81.0377326081
"08005602602",43.7178666388,-81.1261207331
"08005602702",43.8147952639,-81.5708724836
"08005602802",43.7399006389,-81.6167212336
"08005602902",43.870202389,-81.3497334833
"08005603002",43.819634139,-81.4442049834
"08005603102",43.7716002639,-81.3095044833
"08005603202",43.5951478887,-81.3406991083
"08005603302",43.5814328887,-81.3580996084
"08005603402",43.6548712638,-81.4781462335
"08005603502",43.7987026389,-81.1698721082
"08007600102",43.876491139,-81.7056399837
"08007600202",43.9557251391,-81.5172119835
"08010300102",44.0937013892,-81.7270748587
"09000702202",43.3194980135,-79.8160834819
"09000702302",43.3259281385,-79.8319433569
"10000100102",42.2450250125,-83.101133735
"10000100202",42.2484511375,-83.067921485
"10000200102",42.1688962624,-83.097553235
"10000200202",42.1590596374,-83.0187954849
"11000100102",43.1251193883,-79.0812877312
"11000100202",43.0891790133,-79.1153639813
"11000100302",43.0462873882,-79.1230529813
"11000100383",43.0462872632,-79.1230531063
"11000100402",43.0597521382,-79.0519597312
"11000100502",43.0286223882,-79.2111283564
"11000100602",42.9934710132,-79.2526896064
"11000100702",42.9720363882,-79.3176668565
"11000100802",43.0575180132,-79.7684862319
"11000100902",43.0926306383,-79.7989511069
"11000101002",43.1485055133,-79.0459321062
"11000101102",43.0047287632,-79.4819236066
"12000000102",45.0160143901,-74.6999696022
"12000000202",44.7843800149,-75.3747799778
"12000000302",44.7428913898,-75.4654454779
"12000000402",44.5867000147,-75.6840299781
"12000200102",44.2383837643,-76.5407871039
"12000200202",44.2520598894,-76.5347569789
"12000200302",44.2197727643,-76.5468393539
"12000200402",44.2520598894,-76.5347569789
"12000200502",44.2912745144,-76.5014673538
"12000200602",44.2912745144,-76.5014673538
"12000200702",44.2671448894,-76.5144089788
"12000200802",44.2777375144,-76.5238293539
"12000400102",44.2346615143,-76.4744672288
"12000400183",44.2346615143,-76.4744672288
"12000400202",44.2937818894,-76.4410441038
"12000400302",44.4132481395,-76.3116471037
"12000400402",44.5448580146,-76.2361567286
"12000400502",44.2493913894,-76.4732214788
"12000400602",44.2574408894,-76.4789428538
"12000400702",44.4132606395,-76.3756597287
"12001700102",44.3284973894,-76.1668854785
"12001700202",44.5461208896,-76.1202437285
"12001700302",44.3271310144,-76.1645219785
"12001700402",44.3630620145,-76.1895129785
"12002700102",44.4331833895,-75.8835371033
"12003100102",44.5251040146,-75.8051954782
"12003300102",44.5776108897,-75.7288897281
"12003400102",44.5855971397,-75.6910877281
"12005300102",44.907018015,-75.1693393526
"12006000102",45.0143212651,-74.9564658524
"12006000202",45.0145325151,-74.9977179774
"12007300102",45.1326740152,-74.505157852
"12007300202",45.1331681402,-74.542020977
"12007300302",45.1444947652,-74.577682602
"12007300402",45.1476583902,-74.5891752271
"12007300602",45.1441793902,-74.6965359772
"12007300702",45.1428390152,-74.7297526022
"16018402402",43.0995653883,-80.2404603573
"16018402502",43.3532170135,-80.5346617326
"16018402602",43.3975860135,-80.5492221076
"16018402702",43.1097433883,-80.2449106073
"16018402802",43.4796178886,-80.4224183575
"16018402902",43.5248517637,-80.5143992326
"16018403002",43.4827891386,-80.4815017325
"16018403102",43.2913287635,-80.6157281077
"16018403202",43.3754790135,-80.6788787327
"16018403302",43.2748581384,-80.4747831075
"16018403402",43.5336211387,-80.2530168573
"16018403502",42.9002652631,-79.6198463567
"16018403583",42.9002422631,-79.6198604817
"16018403602",43.4842533886,-80.2821501074
"16018403702",43.7248437639,-80.3439864824
"12007300802",45.1099246401,-74.7730631022
"12007300902",45.0904697651,-74.8353554773
"12007301002",45.0593486401,-74.9406569774
"12007301102",45.1501067652,-74.7357852272
"12007301202",45.1679890152,-74.8419372273
"12007301302",45.1994640152,-74.8673536023
"12007301402",45.1346486402,-74.579151227
"12007301502",45.0999440151,-74.6769608521
"12007301602",45.0558370151,-74.7417733522
"12007301702",45.0373437651,-74.8616039773
"12007700102",45.1891881402,-74.3835414769
"12007900102",45.1949708902,-74.3652239768
"12008000102",45.2731958903,-74.493847227
"12008000202",45.2133688903,-74.7305384772
"12008600102",45.3176431403,-74.6021663521
"12008600202",45.3285675154,-74.6179049771
"12008600302",45.3168750153,-74.6265404771
"12008600402",45.3029596403,-74.6375212271
"12008600502",45.3253677654,-74.6393151021
"12008600602",45.3094677653,-74.6362194771
"16018407502",43.7568737639,-80.6699329827
"16018407602",43.1374846383,-80.2698616073
"16018407702",43.6548255138,-80.7020679827
"16018407802",43.5411430137,-80.5533162326
"16018407902",43.5797207637,-80.5091632326
"16018408002",43.1898860134,-80.4553139825
"16018408202",43.5148806387,-80.2619696073
"16018408302",43.2998448885,-80.6228941077
"16018408402",43.2850337635,-80.4520109825
"16018408502",43.4248526386,-80.4708399825
"18240003002",45.5435000156,-75.4252599778
"18240009002",45.5948200156,-75.4224499778
"18240009082",45.5858300156,-75.4194899778
"18240010002",45.5903200156,-75.4217699778
"18259002002",45.4568332655,-75.577686478
"18266002002",45.4564200155,-75.578399978
"18266002082",45.4564200155,-75.578399978
"18266102002",45.4575400155,-75.7002399781
"18268001002",45.4485200155,-75.7022999781
"18268002002",45.4187176404,-75.7164084781
"18272001002",45.4414900155,-75.7121899781
"18272010002",45.4240800154,-75.7247499781
"18297001002",45.3624447654,-75.8907723533
"18332001002",45.5217808905,-76.2238604786
"18337002002",45.4738035155,-76.2107378536
"18343025002",45.1911262652,-76.3261349787
"18343052002",45.0124530151,-76.3641177287
"18343053002",45.0301745151,-76.3644913537
"18343057002",45.0602142651,-76.7764873541
"18343057202",45.0374076401,-76.8126632291
"18343061002",44.947631015,-76.4106823538
"18343063001",44.7663878898,-76.689172729
"12008600702",45.2864498903,-74.6519679771
"12008600802",45.3132690153,-74.6819543521
"12008600902",45.2630773903,-74.7048184772
"12008601002",45.2472937653,-74.7354961022
"13000000102",46.5023232664,-84.3880246112
"13000000202",46.5148193915,-84.3764291112
"13000000302",46.5142265165,-84.3491266111
"13000000402",46.5047340165,-84.3358182361
"13000000502",46.5375400165,-84.215039986
"13000000602",46.4968000164,-84.2702299861
"13000000702",46.5067870164,-84.3349026111
"13000000802",46.4959800164,-84.3891899862
"13000000902",46.3419365163,-83.8886542357
"13000001002",46.5351486415,-84.4580048612
"13000001102",46.5373200165,-84.215059986
"13000001202",46.4949866414,-84.2980959861
"13000300102",46.5062292664,-84.4498717362
"13000700202",46.5223931415,-84.3833434862
"13000700302",46.5363965165,-84.4063291112
"13000700402",46.5366845165,-84.3939106112
"13000800102",46.5221667665,-84.3808074862
"13000800202",46.5661025165,-84.3701576112
"13000900102",46.5148715165,-84.3436356111
"13001000102",46.4978141414,-84.2790202361
"13001100102",46.5462026415,-84.218505986
"13001100202",46.5723848915,-84.3211351111
"13001100302",46.5814156415,-84.3247702361
"13001100402",46.5878362665,-84.3119016111
"13001100502",46.6291460166,-84.3055994861
"13001100602",46.5897375165,-84.3145457361
"13001100702",46.6553023916,-84.2926909861
"13001100802",46.5681812665,-84.2795879861
"13001100902",46.5916147665,-84.3430846111
"13001300102",46.5429736415,-84.157755486
"13001900102",46.3356622663,-83.9293372357
"13001900202",46.3444052663,-83.9212479857
"13002000102",46.3419345163,-83.8886567357
"14000300102",46.2521876412,-83.5609969854
"14000300202",46.2570670162,-83.5599967354
"14000300302",46.2965590163,-83.5622789854
"14001200102",46.1947940162,-83.0295359849
"14001200202",46.2786536412,-83.2240158601
"14001200302",46.2443272662,-83.154587985
"14001200402",46.1762273911,-83.0179946099
"14001400102",46.1830756411,-82.9567356098
"14001400202",46.1873755161,-82.9543229848
"14001400302",46.1857610162,-82.9558066098
"14001600102",46.1887875162,-82.8080517347
"14001600202",46.1849885161,-82.8106762347
"14001900102",46.2111662662,-82.5112919844
"14001900202",46.3357206413,-82.5400168595
"14001900302",46.3741567663,-82.4374394844
"14001900402",46.3931436413,-82.4973208594
"14001900509",46.4715076414,-82.5517472345
"14001900609",46.4178025164,-82.5902826095
"14001900809",46.3818470163,-82.5770348595
"14001900902",46.4019240164,-82.6630518596
"14001901002",46.4991486414,-82.5233574844
"14001901102",46.5105512665,-82.6090537345
"14001901209",46.4714121414,-82.5512082345
"14001901302",46.5082815164,-82.6502429846
"14001901402",46.5033378915,-82.6414321095
"14001901509",46.5078400164,-82.6631299846
"14001901609",46.5109000165,-82.6690899846
"14001901709",46.4857400164,-82.6350999845
"14001901809",46.4810462664,-82.6374142345
"14001901902",46.4815380164,-82.6480464846
"14001902002",46.4624100164,-82.5165399844
"14001902102",46.5108747665,-82.6872817346
"14001903901",46.3283348913,-82.4843598594
"14001904001",46.3075108913,-82.4483818594
"14001904101",46.4089500164,-82.4922899844
"14001904202",46.3816195163,-82.5874177345
"14001904301",46.3789231413,-82.5906772345
"14001904401",46.3829600163,-82.6266187345
"14001904502",46.4944817664,-82.6353677345
"14001904609",46.2042800162,-82.7116299846
"14001904702",46.2049330162,-82.7088688596
"14001904801",46.4197770164,-82.6080694845
"14001904902",46.4870361414,-82.4873403594
"14001905001",46.5089113914,-82.6596901096
"14001905101",46.5084200165,-82.6540299846
"14001905202",46.5147345165,-82.5244488594
"14001905302",46.5206545165,-82.5372923595
"14001905401",46.4248462664,-82.4792129844
"14001905501",46.4465490164,-82.4915088594
"14001905602",46.5027281414,-82.5519709845
"14001905802",46.4685141414,-82.4246046093
"14001906701",46.3526486413,-82.6949864846
"14001906802",46.3641537663,-82.6054763595
"14001907002",46.4591532664,-82.5186434844
"14001907102",46.5012447664,-82.5387734845
"14001907202",46.5073323914,-82.6881384846
"14001907302",46.4938600164,-82.6653099846
"14001907402",46.3438852663,-82.6148781095
"14002802102",46.4006771414,-81.5357731085
"14002802202",46.4295922664,-81.5997903586
"14002802302",46.4217772664,-81.6480276086
"14002802402",46.4256012664,-81.6533559836
"14002802502",46.4304752664,-81.6341357336
"14002802602",46.6060155165,-81.3832452334
"14002802702",46.3902577663,-81.2791482333
"14002802802",46.6099980167,-81.0328238525
"14002802902",46.4182351414,-81.1478709832
"14002803002",46.5375617665,-81.2659026083
"14002803102",46.6032973915,-81.3082666083
"14002803202",46.8524316418,-81.0349858581
"14002803302",46.5711257665,-81.3179642333
"14002803401",46.3790433913,-81.2528021083
"14002803502",46.4738470164,-81.0667874831
"14002803702",46.1826846411,-82.3571556093
"14002803802",46.2046422662,-82.074548859
"14002803883",46.2046422662,-82.074548859
"14002803902",46.6290148916,-81.2390999832
"14002804002",46.5221572665,-80.979310108
"14002804102",46.4713318914,-81.0608614831
"14002804202",46.5542497665,-80.8658917329
"14002804302",46.4953817664,-81.023958358
"14002804402",46.4694308914,-81.0727086081
"14002804502",46.2711675162,-81.7693309837
"14002804602",46.4028061413,-81.1797882332
"14002804702",46.4642615164,-81.035636483
"14002804802",46.4666737664,-81.033066233
"14002804902",46.5043197665,-80.985521358
"14002805002",46.6855755166,-81.009019358
"14002805102",46.3835557663,-81.2866186083
"14002805209",46.4264072664,-81.6007783586
"14002805302",46.3830961413,-81.5198223585
"14002805409",46.4921895164,-81.0406692331
"14002805502",46.2105955162,-82.042301859
"14002805602",46.1810295161,-82.2244606092
"14002805702",46.2590400162,-81.8287699838
"14002805802",46.3317555163,-81.3427672333
"14002805902",46.5281567665,-81.2844273583
"14002806002",46.6571428916,-81.3605883584
"14002806102",46.5308583915,-80.981641483
"14002806202",46.5266740165,-80.982554733
"14002806302",46.5359727665,-80.979293483
"14002806402",46.2764460162,-82.1509191091
"14002806502",46.6503111416,-81.3896527334
"14002806602",46.6414297666,-81.3863477334
"14002806702",46.6417451416,-81.3836263584
"14002806802",46.6519063916,-81.3674654834
"14002806902",46.6305936416,-81.3979842334
"14002807002",46.5359727665,-80.979293483
"14002807102",46.5264473915,-80.984818733
"14002807202",46.6429750166,-81.3350956083
"14002807302",46.6315747666,-81.3823161084
"14002807502",46.1759353911,-82.3872914843
"14002807602",46.6288436416,-81.3925442334
"14002807702",46.6004201415,-81.4032621084
"14002807802",46.5532821415,-81.2126133582
"14002807902",46.5101910165,-80.972275483
"14002808002",46.4785310164,-81.010852858
"14002808102",46.4973693914,-81.006822983
"14002808202",46.4328198914,-81.0978543581
"14002808302",46.4541576414,-81.0396829831
"14002808402",46.5008547664,-81.013639983
"14002808502",46.4446881414,-81.1381389832
"14002808602",46.4293290164,-81.1353844832
"14002808702",46.6364390166,-81.3926217334
"14003500102",46.1128825161,-81.7294288587
"15000100110",42.9481000131,-82.4277399843
"15000100210",42.9474200131,-82.4280299844
"15000200102",42.9038783881,-82.4576331094
"15000200202",42.9124261381,-82.4515453594
"15000600102",42.765668888,-82.4195588593
"16000000101",42.2610547625,-81.9064837339
"16000100102",42.0638825123,-83.076658735
"16000100202",42.0873505123,-83.08255336
"16001800102",42.0116971373,-82.7810521097
"16001800202",42.0320421373,-82.8315138597
"16002500102",42.0247992623,-82.5912288595
"16002700102",42.0325298873,-82.5649971095
"16003000102",42.0664966373,-82.5153821094
"16003000202",42.0609016373,-82.5409748595
"16003200102",42.0668108873,-82.4657332344
"16004400102",42.2937780125,-81.9654179839
"16005000102",42.3300661376,-81.8963652339
"16005000202",42.3381425126,-81.9095486089
"16005100102",42.3402491376,-81.8818934838
"16006300102",42.5556195128,-81.6768692336
"16006600102",42.5780307628,-81.5980182336
"16007200102",42.6321642628,-81.4935281085
"16008000102",42.6450701378,-81.3596993584
"16008000202",42.6589193879,-81.3822864834
"16008700102",42.6651923879,-81.2139562332
"16008700202",42.764531138,-81.2008108582
"16008700302",42.812068638,-81.1834478582
"16008700402",42.816321888,-81.2783858583
"16008700502",42.787175638,-81.2673278583
"16008700602",42.7074790129,-81.1975917332
"16008700702",42.8736358881,-81.1026186081
"16008700802",42.7221505129,-81.2361813582
"16008700902",42.784659638,-81.2015449832
"16008701002",42.6927317629,-81.2175843582
"16010900302",42.8754403881,-80.6852668577
"16010900402",42.797400638,-80.7811702328
"16010900502",42.6772588879,-80.7922201078
"16010900602",42.778754638,-80.8521818579
"16010900702",42.9659245132,-80.5425257326
"16011000102",42.6451290128,-80.7928096078
"16011100102",42.5819037628,-80.5895113576
"16012400102",42.6015381378,-80.4540638575
"16012400202",42.853898513,-80.5035324826
"16012400302",42.5945073878,-80.4856208575
"16012400402",42.854118013,-80.5176598576
"16012400502",42.6752147629,-80.5993942326
"16012400602",42.7202160129,-80.6307342327
"16012400702",42.767788388,-80.6306922327
"16012400802",42.771908513,-80.6282206077
"16012400902",42.850679013,-80.5084467326
"16012600102",42.6139815128,-80.4601658575
"16015900102",42.785988763,-80.1977291073
"16015900202",42.812858763,-80.2776888574
"16015900302",42.823380263,-80.2889286074
"16015900402",42.846635513,-80.3046788574
"16015900502",42.840376138,-80.3204848574
"16015900602",42.856251638,-80.3119998574
"16015900702",42.8540326381,-80.3283363574
"16015900802",42.834507263,-80.2992774824
"16015900902",42.798316763,-80.2135761073
"16016200102",42.787748263,-80.1401073572
"16016300102",42.790966888,-80.1046478572
"16016400102",42.809993263,-80.0765058572
"16016400202",42.8823637631,-80.1372633572
"16016400302",42.9401038881,-80.2726251073
"16016400402",42.8645371381,-80.1251997322
"16016400502",42.9322007631,-80.2477299823
"16016400602",42.9066593881,-80.1575967322
"16017000102",42.809441388,-79.9688114821
"16017000202",42.823783263,-79.9937397321
"16017000282",42.823783263,-79.9937397321
"16017000302",42.8733410131,-80.1015194822
"16017000402",42.8932511381,-80.0499022321
"16017000502",42.9443251381,-80.1412801072
"16017300102",42.828691513,-79.929981857
"16018400102",42.858142263,-79.5767502317
"16018400202",42.857998638,-79.5762038567
"16018400302",42.8578457631,-79.5763001067
"16018400402",42.8579127631,-79.5758247317
"16018400502",42.9011963881,-79.6081006067
"16018400602",42.9259122631,-79.7143346068
"16018400702",43.0692335132,-79.937230732
"16018400802",43.1369610133,-80.2179947323
"16018400902",43.1922080134,-80.3829184824
"16018401002",43.2789771384,-80.3433887324
"16018401102",43.3174626385,-80.3143719824
"16018401202",43.3866008885,-80.3868018574
"16018401302",43.4221632636,-80.3326974824
"16018401402",43.5024160136,-80.2539452323
"16018401502",43.4818012636,-80.4817519825
"16018401602",43.5847483887,-80.5346244826
"16018401702",43.6754457638,-80.7158587328
"16018401802",43.7344607639,-80.3370996074
"16018401902",43.9675532641,-80.4012783575
"16018402002",43.3930167636,-80.6602589827
"16018402102",43.5565215137,-80.9033241079
"16018402302",43.5760597637,-80.1091374822
"16018403802",43.3434972635,-80.5311346076
"16018403902",43.893947639,-80.2999523574
"16018404002",43.6064932637,-80.1549643572
"16018404102",43.4220137636,-80.4104843575
"16018404202",43.6304701388,-80.4766093575
"16018404302",43.5692712637,-80.2717277323
"16018404402",43.2308733884,-80.2424814823
"16018404602",43.3884900135,-80.3683289824
"16018404702",43.3019326385,-80.5471409826
"16018404802",43.3102088885,-80.4947866075
"16018404902",43.2732870134,-80.5646096076
"16018405002",43.3060630135,-80.5791824826
"16018405102",43.6162467638,-80.5601628576
"16018405202",43.6346060138,-80.5801594826
"16018405302",43.6661312639,-80.5894981054
"16018405402",43.5493882637,-80.2204451073
"16018405502",43.5692831387,-80.2717119823
"16018405602",43.5265667637,-80.2610138573
"16018405702",43.3949411386,-80.7260491078
"16018405802",43.3732180135,-80.7025702327
"16018405902",43.4693126386,-80.1447939822
"16018406002",43.4545156386,-80.1628139822
"16018406102",43.4682125136,-80.1541301072
"16018406202",43.4776848886,-80.2890486074
"16018406302",43.4672533886,-80.2957533574
"16018406402",43.3557651385,-80.4161649825
"16018406502",43.3484465135,-80.4179642325
"16018406602",44.0375850141,-80.3829077324
"16018406702",43.861699264,-80.2724257323
"16018406802",43.3779942635,-80.7130658577
"16018406902",43.5595950137,-80.4767974825
"16018407002",43.0718683883,-79.952693107
"16018407202",43.0339436382,-79.950060482
"16018407302",43.6640013888,-80.2562369823
"16018407402",43.4841345136,-80.8352851079
"17000900102",44.0169551391,-77.1361062294
"06015900102",43.9744321391,-77.4564001047
"06008304702",43.7299625139,-79.5521982317
"06008304802",43.834009139,-79.6295641067
"17002113802",44.7775543898,-78.2934884805
"17002113902",44.7251773898,-78.2407184804
"06010407502",43.9824557641,-79.0861361062
"04001309102",42.9886788882,-80.956785483
"16018411702",43.3938081385,-80.4161172325
"17002153502",44.0967288892,-78.3351843555
"16017000702",42.825283513,-79.9843633571
"03009200202",45.0213663901,-79.6325034818
"14002802002",46.3805493913,-81.5735301086
"14001900709",46.3739266413,-82.5959794845
"08002202102",43.4066418886,-81.7069027337
"06008305602",43.9354857641,-79.891576857
"06010409302",43.9818080141,-79.0913833562
"06010409602",43.915427264,-79.0698854812
"06010409702",43.874508889,-79.1345802313
"06010410102",43.911844764,-79.0810152312
"06010410202",43.911727764,-79.0805337312
"06010410302",43.9817341391,-79.1761877313
"06010411302",44.0120797641,-79.1856934813
"06010411402",44.0155527641,-79.1866667313
"06010411502",44.0030003891,-79.0808313562
"06010411602",44.0030171391,-79.0807559812
"06007602702",43.7871811389,-80.1421237322
"06007602802",43.7792337639,-80.1338938572
"06007603602",43.7801203889,-80.1054421072
"06007603102",43.7696670139,-80.0669473571
"06007603002",43.7715873889,-80.0900693572
"06007604502",43.7998250139,-79.9971266071
"06007603902",43.7954030139,-80.0671291071
"06007604202",43.7745268889,-80.0459117321
"06007603502",43.7975105139,-80.1060721072
"06007604002",43.7891055139,-80.0558391071
"06008310302",43.7582370139,-79.6784388568
"06008310402",43.924181264,-79.8345204819
"06009701802",43.896733014,-79.3230703565
"16010901002",42.9328921381,-80.6620237327
"16012401402",42.7790397631,-80.4758838559
"18349002002",45.4345178905,-76.3496848537
"18349020002",45.0559357651,-77.8543726051
"18349021002",45.0592668901,-77.8573462301
"18351002002",45.4457087655,-76.3719068537
"18369001002",45.5144313905,-76.5567031039
"18369020002",45.5546555156,-77.4157963547
"18394010002",45.6830700157,-76.623749979
"18436001002",45.8507300158,-76.729729979
"18454001002",45.9038000159,-76.9286199792
"18481002002",45.8264998908,-77.1121214794
"18493002002",45.9035810159,-77.2856141046
"18607002002",46.3185950163,-78.7070047309
"18607004002",46.3114491413,-78.7499624809
"18607006002",46.2698266412,-79.1425307313
"18607008002",46.2867085162,-78.9042851061
"18607010002",46.3353041413,-79.3366742315
"18607011002",46.3376453913,-79.3457183565
"18607012002",46.3313610163,-79.3992433565
"18607013002",46.3298842663,-79.3775039815
"18629001002",46.6122895165,-79.1697227313
"18642400902",46.7086966416,-79.0981062313
"18642401002",46.7106700166,-79.0984199813
"18642404002",46.7283100167,-79.0902799812
"18697000102",47.077791892,-79.7922222319
"18697000202",47.066604392,-79.8368457319
"18697500101",47.3554330172,-79.6848991068
"18697500202",47.141620142,-79.4607504816
"18697500302",47.3222262672,-79.8099522319
"18697500401",47.3703661422,-79.6694831068
"18697500502",47.9394720178,-80.6506544827
"18697500602",47.9201576428,-80.5627031076
"16018408602",43.4241875136,-80.4594883575
"16018408802",43.5158247637,-80.2636091073
"16018408902",43.0552113882,-80.0260237321
"16018409002",43.9672327641,-80.3549486074
"16018409102",43.7576327639,-80.7487713578
"17003700502",44.2476615143,-76.8178298541
"17003700602",44.2161867643,-76.8792331042
"17003700702",44.3777010145,-76.690054479
"17003700802",44.3252685144,-76.722720729
"17003700902",44.3040247644,-76.7647653541
"17003701002",44.2994622644,-76.7611502291
"17003701102",44.2786055144,-76.7897338541
"17003701202",44.2173010143,-76.8388967291
"18000000102",45.6128800156,-74.5940899771
"18000000202",45.6068106406,-74.6098507271
"18000000302",45.6130365156,-74.6049872271
"18000000402",45.6134568906,-74.6043488521
"18000000502",45.6161901406,-74.5993013521
"18000000602",45.6169888906,-74.5986241021
"18000000702",45.6163467656,-74.5991658521
"18000000802",45.6154093906,-74.6034788521
"18000000902",45.6138591406,-74.6182773521
"18000001002",45.6141160156,-74.6185947271
"18000001102",45.6154168906,-74.6190196021
"18000001202",45.6172083906,-74.6164711021
"18000002002",45.4598315155,-74.0968839766
"18000002720",45.5565248906,-75.2995209777
"18000003902",45.4641900155,-74.0943799766
"18000004002",45.4547778905,-74.0993673516
"18000004102",45.5688217656,-74.3833629769
"18000004202",45.5696836406,-74.3825358519
"18000004302",45.5680325156,-74.3842029769
"18000004402",45.5672161406,-74.3851861019
"18000004502",45.5664548906,-74.3859692269
"18000005182",45.6132951406,-74.6045793521
"18000006102",45.6451136407,-74.9402974774
"18000006202",45.6436903907,-74.9402808524
"18000007002",45.5855735156,-75.2419274777
"18000007083",45.5855766406,-75.2419274777
"18000007883",45.6175687656,-74.5982169771
"18000008002",45.5241390155,-75.4122294778
"18000008102",45.5245721405,-75.4123569778
"18000008202",45.5237612655,-75.4121586028
"18000008302",45.5233000155,-75.4119899778
"18000009002",45.4857695155,-75.5506412279
"18000009083",45.4845802655,-75.5496003529
"18000009102",45.4853267655,-75.5502684779
"18000009202",45.4849385155,-75.549923603
"16018409202",43.0219295132,-79.891998482
"16018409402",43.6160136388,-80.1402651072
"16018409502",43.0219250132,-79.948934232
"16018409602",43.0339436382,-79.950060482
"16018409702",43.1398803883,-80.2965327324
"16018409802",43.3815627635,-80.6550722327
"16018409902",43.6399308888,-80.2701321073
"16018410002",43.7832093889,-80.6372387327
"16018410102",43.3996671386,-80.3656119824
"16018410202",43.5479236387,-80.1823967323
"16018410302",43.5881127637,-80.4706197325
"16018410402",43.6954463888,-80.4478219825
"16018410502",43.5844363887,-80.4463034825
"16018410602",43.1260958883,-80.3837032325
"16018410702",43.4106421386,-80.2302181073
"16018410802",43.4727311386,-80.1520091072
"16018410902",43.6875482638,-80.1189712322
"16018411002",43.6462566388,-80.4528263575
"16018411102",43.6473423888,-80.4725124825
"16018411202",43.6644451388,-80.5018437326
"16018411302",43.6899476388,-80.5213554826
"16018411402",43.6755420138,-80.5051468576
"16018411502",43.6609028888,-80.5182942326
"16019100110",42.8753281381,-79.2411269814
"16019100209",42.8791708881,-79.2436743564
"17000800102",44.0047345141,-77.1262117294
"17000800202",44.0085962641,-77.1365574794
"17001400102",44.0908060142,-77.2106119795
"17002100202",44.3028062644,-77.800734105
"17002100302",44.4815697646,-77.6851672299
"17002100402",44.3109951394,-77.9525092302
"17002100502",44.3087201394,-77.9545717302
"17002100602",44.2419788893,-78.1585427304
"17002100702",44.3806586395,-77.9773237302
"17002100802",44.2063826393,-78.2787968555
"17002100902",44.4273757645,-78.1361504803
"17002101002",44.1774517643,-78.3988357306
"17002101102",44.2717028894,-78.3245808555
"17002101183",44.2898951394,-78.3073534805
"17002101202",44.2717908894,-78.3241989805
"17002101302",44.3518595144,-78.2968778555
"17002101402",44.2972097644,-78.3978114806
"17002101502",44.4218562645,-78.2739138555
"17002101602",44.4873315146,-78.2346199805
"17002101702",44.5570533896,-78.2050163554
"17002101802",44.5546786396,-78.3445859805
"17002101902",44.6862585148,-78.3295344805
"17002102002",44.7283435148,-78.2961034805
"17002102102",44.5385961396,-78.5462212307
"16012401102",42.6858270129,-80.5384247326
"16015901002",42.835206388,-80.3672176074
"04001308302",42.7315371379,-81.5777207336
"16006300202",42.5177783877,-81.6332671086
"04001308102",42.3832806376,-82.094843984
"04001308202",42.3554393876,-82.3200768592
"03005703202",44.1233443892,-79.7589212319
"16010900802",42.7109490129,-80.8401606079
"16012401202",42.9872591382,-80.4448581075
"16012401302",42.653375013,-80.5484992307
"03007703602",44.4963618896,-79.4668492316
"03007703802",44.3047370144,-79.3604257315
"03007703902",44.0948316392,-79.4899527316
"06005000202",43.2250731384,-79.7512547319
"04001308602",42.9630591382,-81.4069667334
"04001308902",43.2849007634,-81.1725054832
"04001309002",43.2206342634,-81.2368088582
"04001309202",43.3751710135,-81.1844534832
"04001309402",43.2788096384,-81.1667244832
"04001309502",43.1665318883,-81.1898618582
"18000029921",46.1828322662,-77.6966026049
"18000030002",46.1819575161,-77.6977187299
"18000030102",46.1832873912,-77.6971897299
"18000030202",46.1806287662,-77.6982021049
"18000030302",46.2049300162,-77.74993998
"18000030402",46.2060100162,-77.75193998
"18000032002",46.2596500162,-78.2894899805
"18000032102",46.2634890162,-78.2898621055
"18000032202",46.2538308912,-78.2893382305
"18000032302",46.2568181412,-78.2884192305
"18000032402",46.2592287662,-78.2895553555
"18000034002",46.3223133913,-78.7054882309
"18000034102",46.3247821413,-78.7058036059
"18000034202",46.3235006413,-78.7057333559
"18000034302",46.3214268913,-78.7054209809
"18000036002",46.3787050163,-78.7289564809
"18000036102",46.3790475163,-78.7249626059
"18000036202",46.3790021413,-78.7257189809
"18000036302",46.3788552663,-78.7271826059
"18000038002",46.7084112666,-79.1029269812
"18000038102",46.7085233916,-79.1023327313
"18000038202",46.7083386416,-79.1035664812
"18003300102",45.4411695155,-75.6948262281
"18003300202",45.4393773905,-75.6959738531
"18003300302",45.0273566401,-75.641590728
"18003300402",44.8840962649,-75.9922393534
"18003300502",44.8919946399,-76.0053433534
"18003300602",44.8998866399,-76.1976167286
"18003300702",44.7029127648,-76.2958744786
"18003300802",44.8928137649,-76.1972519785
"18003300902",44.895833015,-76.2539453536
"18003301002",44.92161389,-75.8305063532
"18003301102",44.917219015,-75.8372508532
"18003301202",45.3209181404,-75.6965312281
"18003301302",45.2915707653,-75.6988617281
"18003301402",45.2176258902,-75.6646171031
"18003301502",45.1502027652,-75.643308853
"18003301602",45.2015237652,-75.8208012282
"18003301702",45.1892337652,-75.8325264782
"18003301802",44.98228989,-75.7973523532
"18003301902",44.8475401399,-76.1408712285
"18003302002",44.7922091399,-76.2002159786
"18003302202",44.6803276397,-76.3946573537
"18003302302",44.7597808898,-76.5195733539
"18003302402",44.7306077648,-76.6080862289
"18003302501",44.6868700147,-76.5757501039
"18003302602",44.8873651399,-75.9272977283
"18003302702",44.8873686399,-75.9272928533
"18003302802",45.2628381403,-75.7060929781
"18003302902",45.1619023902,-75.633894853
"17002102202",44.7347590148,-78.2745857305
"17002102302",44.5351591396,-78.7375248559
"17002102402",44.6533657647,-78.800210356
"17002102502",44.6584693897,-78.796740606
"17002102602",44.8388151399,-78.4746407307
"17002102702",44.8679452649,-78.5221167307
"17002102802",44.8088512649,-78.6578163558
"17002102902",44.8072805149,-78.6562233558
"17002103002",44.2239322643,-78.3620324806
"17002103102",44.4147503895,-78.2646576055
"17002103202",44.8057368899,-78.802887106
"17002103302",44.92798514,-78.6329383558
"17002103402",44.92554514,-78.7252471059
"17002103502",45.0015798901,-78.7026007309
"17002103602",45.0701752651,-78.7160638559
"17002103702",45.0453578901,-78.5246172307
"17002103802",44.2995230144,-78.3206698555
"17002103902",44.2594100144,-78.7594842309
"17002104002",44.2029462643,-78.9467471061
"17002104102",44.3955175145,-78.7534972309
"17002104202",44.3424060144,-78.7288551059
"17002104302",44.910032015,-78.7444933559
"17002104402",44.94171114,-78.7132657309
"17002104602",44.2010426393,-77.5956958549
"17002104702",44.2865071394,-77.5533682298
"17002104802",44.3807793895,-77.75436223
"17002104902",44.2975640144,-78.0454669803
"17002105002",44.5878671397,-78.0709728553
"17002105102",44.5976877647,-78.0290832302
"17002105202",44.5639401396,-78.3405404805
"17002105302",44.6082670147,-78.5216663557
"17002105402",44.5736600147,-78.785949981
"17002105502",44.5982075147,-78.7380151059
"17002105602",44.3000006394,-78.5554067307
"17002105702",44.3763617645,-77.78640973
"17002105802",44.94010364,-78.0975213553
"17002105901",44.984231765,-78.0261217302
"17002106002",44.989404015,-78.0332672303
"17002106102",45.002107765,-78.0496208553
"17002106202",45.00388089,-77.9355228552
"17002106302",45.0157447651,-77.9225402302
"17002106402",45.0227535151,-77.9144832301
"17002106502",44.4007498895,-78.2628672305
"17002106602",44.3676428895,-77.9890404802
"17002106702",44.3080867644,-77.9561153552
"17002106902",44.1699140143,-78.4091891056
"17002107002",44.2888122644,-78.3076306055
"17002107102",44.1996086393,-77.8187229801
"17002107202",44.4326992645,-77.8514504801
"17002107402",44.3419806394,-78.5416978557
"17002107502",44.7405360148,-78.6593652308
"17002107602",44.7286288898,-78.810975981
"17002107702",44.1353421392,-78.4573252306
"17002107802",44.4396515145,-77.9233572302
"17002107902",44.3872995145,-77.9765513552
"17002108002",44.3880310145,-77.9750761052
"17002108102",44.4800610146,-77.790229855
"17002108202",44.5060885146,-77.799724105
"17002108302",44.5349618896,-77.8212636051
"17002108402",44.5572217646,-77.8244988551
"17002108502",44.5899446397,-77.808193355
"17002108602",44.7707421398,-77.8816494801
"17002108702",44.8107598899,-77.8389574801
"17002108802",44.8424176399,-77.9830782302
"17002108902",44.98185364,-77.9757672302
"17002109001",44.960009265,-78.0395166053
"17002109102",44.5048695146,-77.8379192301
"17002109202",44.5267945146,-77.8983427301
"17002109402",44.7014601398,-77.9213668551
"17002109502",44.5339152646,-77.6975168549
"17002109602",44.8528630149,-77.6016682299
"17002109702",44.8493782649,-77.6639139799
"17002109802",44.8371978899,-77.9206594801
"17002109902",44.8616277649,-77.9903088552
"17002110002",44.95403014,-77.9665467302
"17002110101",44.968613015,-77.9997077302
"17002110201",44.959933765,-78.0269876052
"17002110301",44.96354714,-78.0526964803
"17002110401",45.0112430151,-77.9391933552
"17002110501",45.0169613901,-77.9265334802
"17002110602",44.8638995149,-78.1132362303
"17002110701",44.8878090149,-78.1255213553
"17002110801",44.913580015,-78.1087399803
"17002110901",44.925470015,-78.1075099803
"17002111083",44.3944672645,-77.8747008551
"17002111101",45.0037046401,-78.0505518553
"17002111201",45.00097039,-78.0489461053
"17002111302",44.992201015,-78.0363693553
"17002111420",45.0032383901,-78.0399049803
"17002111602",44.3276703894,-78.7302763559
"17002111701",44.5921282647,-77.75112898
"17002111802",44.2636551394,-77.5966442298
"17002111902",44.2854542644,-78.820089481
"17002112002",44.2831451394,-78.0507509803
"17002112102",44.4642976395,-78.6107699808
"17002112202",44.5384895146,-78.5878001058
"17002112302",44.5326305146,-78.6199234808
"17002112402",44.3983046395,-78.811344231
"17002112502",44.5169901396,-78.7073556059
"17002112702",44.2686817644,-77.5532902298
"17002113002",44.3276701394,-78.7302763559
"17002153602",44.0818896392,-78.3021926055
"17002600202",44.2060543893,-77.3932063547
"17002600302",44.4584523895,-77.2984677296
"17002600402",44.4575157645,-77.2767224796
"17002600501",44.4716033895,-77.3068736046
"17002600602",44.4788946396,-77.3096204796
"17002600702",44.4809122646,-77.2706871046
"17002600802",44.4976905146,-77.2824457296
"17002600902",44.5492375146,-77.3283079797
"17002601002",44.5395758896,-77.3694281046
"17002601101",44.4783581396,-77.4681561047
"17002601202",44.4995386396,-77.4733066047
"17002601302",44.4996118896,-77.6178932299
"17002601502",44.1767551393,-77.3818487297
"17002601602",44.1791850143,-77.3807583546
"17002601702",44.4406806395,-77.2975256046
"18000014202",45.4075912654,-75.7563824781
"18000014302",45.4066582654,-75.7555063531
"18000014402",45.4054138904,-75.7550527281
"18000015002",45.3754396404,-75.7907346032
"18000016002",45.5165636405,-76.2266976036
"18000016102",45.5178958905,-76.2283111036
"18000016202",45.5146603905,-76.2246874786
"18000017002",45.4749482655,-76.2381438536
"18000017102",45.4751741405,-76.2404632286
"18000017202",45.4755356405,-76.2432698536
"18000017302",45.4766205155,-76.2458423536
"18000017402",45.4774823905,-76.2475646036
"18000017502",45.4231100154,-76.2526299786
"18000024002",45.5932200156,-76.674359979
"18000024102",45.5886700156,-76.678709979
"18000024202",45.5895800156,-76.677459979
"18000024302",45.5914900156,-76.670139979
"18000025902",45.8147381408,-77.0267858543
"18000026002",45.8071697658,-77.0428739793
"18000026102",45.8025181408,-77.0546731044
"18000026220",45.8346261408,-77.1359048544
"18000027220",45.9222700159,-77.2929399796
"18000027320",45.9222700159,-77.2929399796
"18000028020",46.1100362661,-77.4931623547
"18000029502",46.1293600161,-77.5241699798
"03007600602",44.6679245147,-79.4566257316
"18207016002",45.1018831401,-75.2288277276
"06006301202",43.4741751386,-79.7984228569
"06006301402",43.5547522637,-79.856861982
"09000902402",43.3012805135,-79.868869357
"06008000602",43.6050556388,-79.5597531067
"06008302402",43.7902968889,-79.5849713567
"18607009002",46.2323296412,-79.1493089813
"09000900302",43.3106941385,-79.876934482
"13000700102",46.5217651415,-84.4092956112
"09000900402",43.3263930135,-79.888695607
"09000901402",43.3539117635,-79.9945291071
"18003303102",45.3706988904,-75.6965404781
"18003303402",45.4374300154,-75.6785407281
"18003303502",44.951135515,-75.8194783532
"18003303602",45.2492092653,-75.7908066032
"18003303702",45.2485843903,-75.7046593531
"18003400102",45.4257173904,-75.6968382281
"18003400202",45.3960777654,-75.7045677281
"18008700120",45.996865266,-77.4400289797
"18008700220",45.998420016,-77.4407199797
"18013700102",47.4070101423,-79.6092182317
"18013700202",47.3990666423,-79.6255002317
"18091002002",45.4809600155,-74.3033099768
"18098002002",45.5630700156,-74.3372099768
"18156001002",45.6437900156,-74.6913899771
"18207002002",45.5591992656,-75.0633223525
"18207003002",45.3738886404,-74.9100012273
"18207004002",45.3916363904,-74.9400351024
"18207005002",45.3763900154,-74.9102799774
"18207006002",45.3739966404,-74.9071142273
"18207007002",45.3783517654,-74.9117578523
"18207008002",45.3806622654,-74.9033094773
"18207009002",45.3805915154,-74.9028011023
"18207009502",45.3698575154,-74.8985037273
"18207010002",45.3185300153,-75.0925301025
"18207011002",45.1012395151,-75.2260568526
"18207012002",45.3629312654,-75.4859011029
"18207013002",45.3742925154,-75.4747314779
"18207014002",45.2656425153,-75.3084393527
"18207014502",45.2624262653,-75.3436171028
"19000102902",48.4182616432,-91.1192523675
"19000103002",48.5864692684,-91.3269476176
"19000103102",48.6756121435,-91.1256497424
"06007604902",43.5539041387,-79.5993642317
"06008000502",43.5874090137,-79.5448202317
"06008310202",43.6373560138,-79.4771471066
"06008501802",43.6578762638,-79.3542932315
"06007604702",43.8168167639,-80.0579939821
"06007602502",43.8145355139,-80.1427507322
"08012305002",44.1309828892,-80.967365358
"08012305302",44.2126315143,-80.8627024829
"08012305202",44.2472008893,-80.4600299825
"16017000602",42.819066638,-79.9881478571
"16012401002",42.6102675128,-80.5148969826
"10000100302",42.2445818875,-83.070820485
"08002201802",43.2374416384,-81.7737848587
"08002201902",43.1853286384,-81.8566839838
"16003000302",42.0554415123,-82.5046151094
"03005702802",44.0245258891,-79.9697221071
"03005702902",44.2494605143,-79.8215981069
"03005703002",44.4221388895,-79.8235703569
"03005703102",44.1310875142,-79.7963959819
"04002701502",42.9758912632,-81.5934341086
"17002113102",44.2039947643,-77.8728363551
"17002113202",44.1968447643,-77.9110888552
"17002113302",44.1346846392,-77.78685773
"08012305102",44.0985256392,-80.985132483
"08012305402",43.9851253891,-81.1326543581
"08012305602",44.4152957645,-81.3832744834
"08012305702",44.1858111393,-80.7874934828
"08012305802",44.3351401394,-80.976333858
"06012900402",44.0358332641,-78.4073304806
"06013300502",43.9884422641,-78.2109306054
"08013500502",44.5352947646,-81.1776593582
"17002602302",44.5097111396,-77.3907167297
"08012305902",44.3187408894,-81.2432608582
"08013500602",44.6447357647,-81.1853953582
"09000800602",43.2830041385,-80.0530888571
"09000800702",43.3530346385,-80.0779494822
"09000800502",43.2651931384,-79.9642296071
"09000100502",43.2324603884,-79.7847487319
"03003601002",44.5202790146,-80.4667436075
"06006000702",43.3955938886,-79.7227954818
"06006000802",43.4346563886,-79.8473754819
"06006001302",43.4014240136,-79.9929908571
"06012900502",43.9906196391,-78.3281602305
"04002701602",42.6506823879,-82.008770859
"04002701702",42.5917902628,-82.3876317343
"08012303002",44.4560972645,-81.3260347333
"03006600102",44.7617331398,-79.9587813571
"03007000302",44.7319495148,-79.846414607
"03007000402",44.6498810147,-79.903613982
"03007000502",44.5771266396,-79.860268982
"03007300202",44.7260561398,-79.7788926069
"06006001502",43.3806288885,-80.0331538571
"09000900902",43.3525741385,-79.915267982
"09000901302",43.3302712635,-79.9936922321
"09000901502",43.3660885135,-79.9975643571
"09000901102",43.3339742635,-79.957460107
"09000901202",43.3358938885,-79.958073732
"06008304102",43.903312389,-79.7325793568
"06008304202",43.9404708891,-79.7905489819
"08010700502",44.1704028893,-81.6373154836
"08005603702",43.6846218888,-81.5409024835
"08005603802",43.887299014,-81.2825654833
"08005603902",43.840051389,-81.3205522333
"08005604102",43.7044357638,-81.2487102332
"06008305702",43.911690889,-79.5640913567
"06008303502",43.9627622641,-79.919942732
"06008303602",43.9665306391,-79.920839732
"09000900602",43.3539505135,-79.877929857
"08000000101",44.0533821392,-81.7454452337
"08000000301",43.880659764,-81.7233417337
"08000000201",43.7316685139,-81.7252009837
"08005604502",43.6623733888,-81.6032629836
"08005604602",43.7222225139,-81.5579057335
"08005604702",43.7294565139,-80.957013358
"08005603602",43.7182703889,-81.6263434836
"09000900702",43.3452796385,-79.893377107
"06008302502",43.830175139,-79.6286357317
"06008302602",43.863024139,-79.6692053568
"06008305902",43.7911711389,-79.5943952317
"06008303002",43.928372139,-79.8287587319
"06008305302",43.908223764,-79.8484064819
"06008303102",43.9371585141,-79.8405712319
"06008303202",43.9360670141,-79.8375352319
"06008302902",43.894054014,-79.7929203569
"06008302702",43.883097764,-79.7716719819
"06008302802",43.883960639,-79.7918462319
"06008303302",43.9635445141,-79.860727357
"06008303402",43.9647736391,-79.878762607
"06008303702",43.9693752641,-79.9557193571
"06008303802",43.9487958891,-79.9718116071
"06008303902",43.9466138891,-79.9857218571
"06008304002",43.9432936391,-80.0014909821
"06008305102",43.880595389,-79.8342521069
"06008305202",43.889968514,-79.8435168569
"06008305402",43.896916889,-79.879560982
"06008306102",43.889102139,-79.7133888568
"17002113602",44.2002268893,-78.9494313561
"17002113702",44.1318756392,-78.828877731
"06008305502",43.865750264,-79.892743607
"06008305802",43.7865156389,-79.5894997317
"06007604102",43.7848052639,-80.0565511071
"06007603202",43.7680171389,-80.0609286072
"06007604602",43.818527389,-80.0629014821
"06007604402",43.7939742639,-80.0106566071
"06007603402",43.7490883889,-80.0594809821
"19006402802",49.2942453941,-82.5389876095
"06007604302",43.7958211389,-80.0132536071
"06007603702",43.8054472639,-80.0864426072
"06007603302",43.7659743889,-80.0574429821
"06007602902",43.7710078889,-80.1298747322
"06010410402",43.863246139,-79.1168197313
"06010410502",43.866334764,-79.1172176063
"06010410602",43.873901389,-79.1416172313
"06010410702",43.873039139,-79.1388423563
"06010410902",43.871251014,-79.1314998563
"06010411902",44.0160391391,-79.1768218563
"06010412002",44.0184206391,-79.1791719813
"06010412102",44.0155988891,-79.1778254813
"03005703302",44.4673346396,-80.0478387321
"03005703402",44.3613805144,-79.941642857
"03005703502",44.3301015144,-79.854763107
"03005703602",44.4188147645,-79.8206192319
"03005703702",44.4571365145,-79.854970857
"06006100302",43.4186081386,-79.6900753568
"06007605102",43.859759639,-80.0573901071
"06007605202",43.8098212639,-79.927649107
"18343000102",44.968434765,-76.9659773543
"18343000202",45.2453550153,-76.2601314786
"18343000302",44.7748868898,-76.640329229
"16018412602",43.5879375137,-80.2739797323
"16018412702",43.5590401387,-80.6349651077
"16018412802",43.0960473883,-80.0304862321
"16018412902",43.0236503882,-79.914859107
"16018413002",43.4823783886,-80.4833468575
"16018413102",43.4130797636,-80.2268657323
"17002114102",44.3104241394,-78.1601962304
"17002114202",44.3163116394,-78.0543251053
"17002114302",44.3272372644,-78.0417669803
"17002114402",44.2587555144,-78.3345813555
"17002114002",44.2269663893,-78.3965529806
"18207000802",45.4448630155,-75.0610869775
"17002114502",44.8393733899,-77.9241913552
"17002114602",44.8670532649,-77.8166281051
"06005900102",43.3818028885,-79.7173244818
"13001101002",46.5656540165,-84.2777156111
"03013401802",46.9033293918,-80.8387088579
"14002809002",46.4338301414,-81.2816724833
"14002808902",46.4726883914,-80.996195733
"06011100502",43.886940514,-78.866538606
"06011100602",43.9698342641,-78.8843021061
"06011100702",44.0175451391,-78.845419856
"06012900602",43.9955462641,-78.3354813555
"06012900702",43.9968290141,-78.3499616056
"06012900902",44.0218936391,-78.5270139807
"06012900802",44.0010251391,-78.3141259805
"06012901002",44.0598713892,-78.3942266056
"06012901102",44.0172622641,-78.4386273556
"08010300202",44.4069803895,-80.7631977328
"01010800602",48.3257958931,-89.4043832408
"08011300202",44.2969416394,-81.5783897336
"03007703502",44.1377576392,-79.1125996063
"04001310902",42.6306438878,-81.7700419837
"04001311002",42.3250745126,-82.3300134843
"19005301002",50.4230800201,-84.3824299862
"19005300902",51.0258100207,-84.6057399864
"19005300802",51.1227700208,-84.5914599864
"19005300702",51.2339200209,-84.3276999861
"08009900102",44.0769845142,-81.7419716087
"08011400102",44.3447442644,-81.5308471085
"03007300302",44.6872890148,-79.7917967319
"03007500202",44.7301067648,-79.7294116068
"03007600302",44.7072967648,-79.6435818568
"03007600402",44.6454610147,-79.6345713568
"03007600502",44.7675701398,-79.5783729817
"04001309602",43.0223206382,-81.2520078583
"04001309702",42.9945036382,-81.1166342331
"06001701002",43.0875078883,-79.2919966064
"06001701102",43.0873096383,-79.2916732314
"17000600102",44.0882515142,-76.8854389792
"06011200602",43.911565264,-78.788705356
"06011100302",43.9462080141,-78.9036611061
"06011100402",43.9498702641,-78.887254231
"06011600502",43.9698207641,-78.7474947309
"06011600602",44.0423432641,-78.7380453559
"06015700102",43.9963617641,-77.5180321048
"06015700202",44.0275501391,-77.3670218546
"17001600102",44.1039618892,-77.3946996047
"17002100102",44.1027382642,-77.5742127298
"17002104502",44.1282326392,-77.5930997298
"17002106802",44.1058248892,-77.5793571048
"17002106883",44.1058255142,-77.5793557298
"17002112802",44.1099010142,-77.5945348548
"17002112902",44.0955616392,-77.6461143549
"17002600102",44.1653452643,-77.3864677297
"17002601402",44.1661231393,-77.3869018547
"06006001202",43.4068703886,-79.9630942321
"06016400102",43.9647613891,-77.2343697295
"16018404502",43.4558200136,-80.7391378578
"09000950102",43.3068995135,-79.866890482
"18207015502",45.2615411403,-75.4134213528
"16018411602",43.0198517632,-79.9997511071
"08002202002",43.0723676383,-81.6602579836
"18003302102",44.7025061398,-76.1862118535
"16018409302",43.1489682633,-80.1715508572
"16003200202",42.0804551373,-82.4891409844
"04001302302",42.9625621381,-81.2983641083
"04001300202",42.3185106375,-82.4530798594
"04001309802",43.0694973882,-81.1582711082
"03007704002",44.3167337644,-79.2013786064
"03007704102",44.4302961395,-79.1551024813
"06006000902",43.4458356386,-79.879922857
"06006001002",43.4130177636,-79.925009732
"06006001102",43.4172832636,-79.929269482
"16009900102",42.6752867629,-80.952965608
"18737000402",47.4227275173,-79.6410268568
"14002808802",46.2679608912,-81.7791732338
"06007605002",43.5491945137,-79.6332727317
"06010405902",43.9465380141,-79.2113368564
"06010406102",43.9554346391,-79.2321217314
"06010406002",43.9506851391,-79.2264967314
"06010406402",43.9782035141,-79.2224838564
"06010406502",43.9729701391,-79.2111199813
"06010406602",43.9705578891,-79.1366638563
"06010406202",43.9711235141,-79.2479151064
"06010406302",43.9770061391,-79.2499531064
"06010405602",43.894301389,-79.0939376062
"06010405502",43.891400764,-79.0590159812
"06010406802",43.9824290141,-79.1695829813
"06010406902",43.9842352641,-79.1618649813
"06010407002",43.9888578891,-79.1418796063
"06010407102",43.9908180141,-79.1334989813
"06010406702",43.9852603891,-79.1144271063
"06010407202",43.9947755141,-79.1166308563
"06010407402",43.9993151391,-79.0666049812
"06010408002",43.9944162641,-79.2295811064
"06010408202",43.9640287641,-79.1377193563
"06010408102",43.9599995141,-79.1359572313
"06010408302",43.9503720141,-79.0960151062
"06010408402",43.9541107641,-79.0977393563
"06010408502",43.9459910141,-79.0812599812
"06010408602",43.907752389,-79.1937451063
"06010408702",43.925144264,-79.0806828562
"06010408802",43.922223389,-79.0924713562
"06010408902",43.9842673891,-79.1740866063
"06010409002",43.900962514,-79.1022604812
"06010409102",43.858955764,-79.0358252312
"06010411102",44.0062733891,-79.0672711062
"06010409502",43.9723697641,-79.0766008562
"06010411702",44.0029510141,-79.0817257312
"06010407302",44.0028100141,-79.1156618563
"06010409202",43.9747558891,-79.0883931062
"06010410002",43.9834272641,-79.1344887313
"06010411202",44.0014052641,-79.1708452313
"06010411002",44.0140583891,-79.0736394812
"06010407802",43.9814155141,-79.0907662312
"06010407702",43.9817197641,-79.0894098562
"06010407602",43.9839248891,-79.0799061062
"06010407902",43.9687801391,-79.1440626063
"06010409402",43.9379618891,-79.0917578562
"19006404802",48.202823018,-82.1720342341
"16009700802",42.6755738879,-81.0376506081
"06010700202",43.848318889,-78.9988543562
"03013303902",46.020567766,-80.5710331076
"18207000702",45.3754308904,-74.9476647274
"06006001402",43.3801166385,-80.0101889821
"16018407102",43.1163223883,-80.3978208575
"09000910102",43.3069703885,-79.868351107
"09000900802",43.3460076385,-79.893470482
"09000901002",43.3519540135,-79.923585107
"17002115502",44.19780532,-77.8502443678
"17002115602",44.3064291189,-77.8066998936
"12008000302",45.2821687662,-74.4497866323
"12008601102",45.3127078599,-74.6322657013
"19004000102",53.8059672289,-84.9218982385
"19004300402",52.086178433,-87.0654661258
"19004300502",52.9318454651,-83.3683245429
"19004400102",52.8767351564,-86.2395647683
"11000101202",43.02132544,-79.6177097639
"06002400902",43.1156059607,-79.5665092295
"11000101302",42.9806253167,-79.5623276976
"12000200902",44.2891928334,-76.5097782196
"12000201002",44.2408277724,-76.5790853996
"06011100802",43.8681977774,-78.8461445734
"12000400802",44.604311614,-76.4057286388
"17002115702",44.2244205012,-77.8392975608
"72",45.224068,-74.115648
"75",45.855776,-73.243925
"78",45.412863,-73.634724
"00BR01AF0084",47.354916,-68.2318
"00BR01AG0008",46.82161,-67.7341
"00BR01AH0019",46.783,-67.511
"00BR01AJ0067",46.399805,-67.6106
"00BR01AK0157",45.977361,-67.173
"00BR01AL0036",45.979304,-66.591
"00BR01AP0067",45.592638,-66.0269
"00BR01AP0241",45.580087,-65.7567
"00BR01AQ0003",45.169683,-66.468
"00BR01AR0092",45.17,-67.297
"00BR01BA0030",47.66232,-67.49287
"00BR01BK0042",47.441,-65.706
"00BR01BO0007",46.82792,-65.78584
"00BR01BS0085",46.51,-65.163
"00BR01BU0176",46.021209,-65.034621
"2330001",46.76014,-71.228209
"2340033",46.701956,-71.280756
"2400004",46.352699,-72.439096
"3020073",45.264125,-72.15776
"3020333",45.3192,-71.88725
"3040010",45.395974,-73.253758
"3040012",45.061389,-73.332568
"3040015",45.123407,-73.069461
"3090001",45.286022,-73.802267
"3090005",45.018305,-74.165785
"3090009",45.014274,-74.302908
"3090047",45.003508,-73.653371
"3110003",45.27076,-73.89565
"4010002",45.562617,-74.336728
"4040001",45.60503,-75.127239
"4060004",45.585881,-75.418837
"4080003",45.486983,-75.748901
"4300002",48.208038,-78.863716
"4310008",45.58427,-76.675083
"4310010",47.58941,-79.484915
"4310011",45.522903,-75.410686
"4320069",45.692429,-73.640537
"4330019",45.704396,-73.483765
"5030001",46.525902,-72.338383
"5040007",46.5718,-72.206285
"5080105",46.694103,-71.749126
"5090017",46.819179,-71.223438
"5220003",45.750996,-73.468359
"5230001",46.067195,-73.180334
"5240001",46.094079,-73.172981
"5280001",46.243713,-72.922846
"AK08DC0001",56.0217,-130.0714
"AL05AD0005",49.1139,-113.8389
"AL05AD0060",49.0517,-113.6853
"AL05AK0001",50.7375,-110.0956
"AL05BA0011",51.4433,-116.2117
"AL05BE0013",51.1228,-115.3867
"AL05CK0001",50.9028,-110.2969
"AL05DA0001",52.0028,-116.4719
"AL05EF0003",53.6014,-110.0083
"AL06AD0001",54.3542,-110.2119
"AL07AA0015",52.6644,-117.8808
"AL07AA0023",53.0417,-118.0872
"AL07DD0001",58.1725,-111.3703
"AL07KC0001",59.1139,-112.4264
"AL07NB0001",59.8692,-111.5858
"AL11AA0002",49.0897,-112.4017
"AL11AA0003",49.1242,-110.8942
"BC07FD0005",56.1261,-120.0564
"BC08CG0001",56.7389,-131.6731
"BC08EF0001",54.6344,-128.4092
"BC08FC0001",52.4676,-125.2936
"BC08GA0010",50.058,-123.099
"BC08HA0018",48.7726,-123.6633
"BC08HB0018",49.8128,-125.2028
"BC08HB0019",49.3011,-124.2756
"BC08HD0004",50.0267,-125.2967
"BC08KA0007",52.9878,-119.0101
"BC08KE0010",53.9272,-122.765
"BC08KH0012",52.4033,-121.4342
"BC08LC0005",50.6848,-119.07
"BC08LE0004",50.6914,-119.3289
"BC08LF0001",50.4208,-121.3414
"BC08LG0001",50.425,-121.3164
"BC08MB0007",52.072,-123.2614
"BC08MC0001",52.5296,-122.4423
"BC08MF0001",49.3872,-121.4508
"BC08MH0027",49.0024,-122.2323
"BC08MH0269",49.2421,-122.5961
"BC08MH0453",49.1485,-123.0387
"BC08NA0033",51.4192,-116.4378
"BC08NA0048",51.2438,-116.9126
"BC08NB0002",51.3834,-117.4504
"BC08ND0003",51.2138,-117.6958
"BC08NE0001",49.0161,-117.6039
"BC08NE0005",49.1769,-117.7175
"BC08NE0029",49.0031,-117.6167
"BC08NF0001",50.8856,-116.0431
"BC08NG0009",49.5279,-115.5492
"BC08NH0005",49.1169,-116.5794
"BC08NK0003",49.1797,-115.167
"BC08NK0004",49.6643,-114.9041
"BC08NL0001",49.4586,-120.504
"BC08NL0005",49.0788,-119.7098
"BC08NM0001",49.1144,-119.565
"BC08NN0011",49.0047,-118.7762
"BC08NN0021",49.0197,-118.4747
"MA05KH0001",53.8417,-101.3344
"MA05OB0001",49.0314,-98.2778
"MA05OC0001",49.0081,-97.2108
"MA05PF0022",50.3008,-95.5556
"NB01AJ0008",46.43808,-67.7386
"NB01AJ0126",46.215983,-67.727978
"NB01AR0021",45.17525,-67.2928
"NB01AR0151",45.66413,-67.7335
"NF02XA0001",52.2283,-61.3225
"NF02YE0005",49.8303,-57.8564
"NF02YG0001",49.7703,-56.9059
"NF02YJ0004",48.7975,-58.0619
"NF02YL0012",48.9843,-57.7604
"NF02YN0001",48.3044,-57.7186
"NF02YO0107",48.7594,-56.5919
"NF02YQ0030",48.9944,-54.8675
"NF02YS0011",48.6408,-54.0364
"NF02ZK0005",47.2731,-53.8403
"NF02ZL0029",47.505,-53.2911
"NF02ZM0009",47.5292,-52.7428
"NF02ZM0178",47.5725,-52.7392
"NF02ZM0181",47.5483,-52.7192
"NF03NF0013",55.2333,-61.2992
"NF03OC0012",52.9694,-64.6622
"NF03OE0001",53.2478,-60.7892
"NF03OE0030",52.6147,-61.1864
"NF03PB0025",54.1317,-61.4292
"NF03QC0001",53.5342,-57.495
"NS01DC0001",44.94916,-65.0292
"NS01DC0203",45.0017,-64.8223
"NS01DD0016",45.06487,-64.6354
"NS01DR0001",45.559722,-61.9042
"NS01EA0001",43.923333,-65.87
"NS01EC0005",43.838333,-65.37
"NS01ED0005",44.436667,-65.222778
"NS01EF0002",44.446667,-64.5917
"NS01EJ0001",44.7315,-63.6604
"NS01EJ0157",44.76447,-63.687612
"NS01EO0001",45.17427,-61.9799
"NS01FB0001",46.36895,-60.9752
"NS01FC0004",46.641111,-60.9469
"NW06MA0001",64.7731,-97.0678
"NW06OA0001",65.9356,-91.0666
"NW07OB0002",60.0044,-116.9692
"NW07RD0001",62.8889,-108.4719
"NW10EA0004",61.5331,-125.4056
"NW10EA0008",61.4278,-126.63
"NW10EB0016",61.6364,-125.7967
"NW10EC0006",61.5469,-124.7889
"NW10EC0014",61.2839,-124.4464
"NW10EC0017",61.0989,-123.59
"NW10EC0019",61.3478,-124.4164
"NW10EC0020",61.605,-124.8173
"NW10ED0001",60.2431,-123.4792
"NW10ED0002",61.7397,-121.2194
"NW10FB0006",61.8181,-120.7903
"NW10JC0001",65.1358,-123.5139
"NW10KA0001",65.2817,-126.8492
"NW10LA0003",67.4561,-133.7369
"NW10MC0001",67.2206,-134.9456
"NW10OB0003",68.7542,-122.4022
"NW10OB0006",68.3308,-121.9633
"NW10PC0019",67.2289,-115.8881
"NW10TB0002",73.2269,-119.5422
"NW10UE0002",66.8928,-64.6883
"NW10UF0002",66.3736,-65.4811
"NW10UF0003",66.6,-65.2297
"NW10VK0001",81.79416,-70.44221
"NW10VK0002",81.64549,-72.95293
"NW10VK0003",81.84288,-70.92143
"NW10VK0004",81.9356,-68.86446
"ON02GG0004",43.0023,-82.4197
"ON02GG0005",42.6637,-82.5076
"ON02HA0019",43.2556,-79.0559
"ON02HA0045",42.9167,-78.9001
"ON02MA0030",44.2112,-76.2375
"PE01CA0001",46.744167,-64.1817
"PE01CB0143",46.393333,-63.6586
"PE01CD0050",46.453056,-62.3825
"QU02LB9001",45.5676,-74.3799
"QU02NG3013",46.382,-72.6105
"QU02NG3020",46.6776,-72.8652
"QU02OB9004",45.8744,-73.2806
"QU02OD3004",46.2454,-72.6512
"QU02OD9009",46.3116,-72.546
"QU02OF3004",46.0664,-72.8122
"QU02OG3007",46.0051,-72.9101
"QU02OJ0052",46.034,-73.1176
"QU02PH9024",46.8071,-71.19
"SA05FE0001",52.9403,-109.8733
"SA05JM0014",50.4839,-101.5431
"SA05KH0002",53.6,-102.1167
"SA05LC0001",52.8667,-102.1831
"SA05MD0002",51.5331,-101.8889
"SA06AF0001",54.5667,-109.8361
"SA06EA0003",55.6081,-102.1956
"US05ND0004",48.99,-101.9578
"US05NF0001",48.9997,-100.9
"YT08AA0010",60.7478,-137.5036
"YT08AB0009",60.1192,-137.9742
"YT09AB0006",60.5792,-134.6865
"YT09AB0008",60.8353,-135.1803
"YT09BC0021",62.3751,-133.5437
"YT09DD0008",63.9141,-135.7232
"YT09EA0001",64.1554,-139.3973
"YT09FB0003",67.58,-139.78
"YT09FC0002",67.634,-139.7
"YT10AA0001",60.0477,-128.9018
"YT10MD0001",69.3264,-139.5672
